region,seed,view,cell_count,selected_candidate,adj_precision,adj_recall,adj_f1,original_edge_count,display_edge_count,preserved_edge_count,lost_edge_count,new_edge_count,np2,np3,local_direction_error_deg,angular_error_deg,radial_spearman,area_cv,overlap_ratio,gap_ratio,invalid_polygon_count
湖北,20260827,disk,130,force_4,0.6257142857142857,0.9733333333333334,0.7617391304347825,225,350,219,6,131,0.6296832361758535,0.6360492194729143,16.78781651535405,2.969198895418601,0.9607696404429937,0.6957682015187513,0.0,5.654382510531023e-16,0
湖北,20260827,annulus,130,force_4,0.5975609756097561,0.8711111111111111,0.7088607594936708,225,328,196,29,132,0.5965785802050131,0.6245062530729456,21.08649667080159,1.262302969434641,0.9529913012604296,0.9267175071141435,5.510377966343905e-16,0.0,0
湖北,20260828,disk,130,force_3,0.6217765042979942,0.9644444444444444,0.7560975609756097,225,349,217,8,132,0.6245109388045207,0.6317104390877839,17.06638724060452,2.9821587013994164,0.9616490734545057,0.694841803518345,4.2407868828982674e-16,7.067978138163779e-16,0
湖北,20260828,annulus,130,force_4,0.5957446808510638,0.8711111111111111,0.7075812274368232,225,329,196,29,133,0.5995638053500045,0.6282893280068326,20.130806287085022,1.274342365237845,0.9540783023119255,0.9266707684922545,1.8367926554479684e-15,0.0,0
湖北,20260829,disk,130,force_3,0.6206896551724138,0.96,0.7539267015706806,225,348,216,9,132,0.6134868771975822,0.6175353264816441,18.043038149493583,2.9383571608035433,0.964047030548007,0.6957292089381143,0.0,1.5549551903960315e-15,0
湖北,20260829,annulus,130,force_4,0.5969696969696969,0.8755555555555555,0.70990990990991,225,330,197,28,133,0.6033349571626543,0.6287601958409303,20.775651649481823,1.4047908826255326,0.9512925207226645,0.7792993744103254,9.183963277239842e-16,7.347170621791874e-16,0
湖北,20260830,disk,130,force_3,0.6206896551724138,0.96,0.7539267015706806,225,348,216,9,132,0.6134868771975822,0.6175353264816441,18.043038149493583,2.9383571608035433,0.964047030548007,0.6957292089381143,0.0,1.5549551903960315e-15,0
湖北,20260830,annulus,130,force_4,0.5969696969696969,0.8755555555555555,0.70990990990991,225,330,197,28,133,0.6033349571626543,0.6287601958409303,20.775651649481823,1.4047908826255326,0.9512925207226645,0.7792993744103254,9.183963277239842e-16,7.347170621791874e-16,0
湖北,20260831,disk,130,force_3,0.622478386167147,0.96,0.7552447552447553,225,347,216,9,131,0.6159277111843199,0.6208742381007404,17.926393694867166,2.8787309604177187,0.9697988501823047,0.6963228136439698,0.0,1.979033878685858e-15,0
湖北,20260831,annulus,130,force_4,0.5963855421686747,0.88,0.7109515260323159,225,332,198,27,134,0.6015742851126277,0.6265783340903613,20.55814953551157,1.3808994542644217,0.9526362506657198,0.7810810157926428,2.0204719209927652e-15,1.8367926554479684e-15,0
湖南,20260827,disk,137,force_4,0.6584699453551912,0.9958677685950413,0.7927631578947367,242,366,241,1,125,0.6592319911826815,0.6592964318020283,12.44751565065077,3.732955161034401,0.9785082233464633,0.3242384454847635,0.0,1.2722360648694803e-15,0
湖南,20260827,annulus,137,force_4,0.6491228070175439,0.9173553719008265,0.7602739726027398,242,342,222,20,120,0.6511536841851411,0.6724421559543837,18.258416429066227,1.5054329338182333,0.9402990647226838,0.6094188751705556,0.0,1.2857548588135778e-15,0
湖南,20260828,disk,137,force_4,0.657608695652174,1.0,0.7934426229508198,242,368,242,0,126,0.6618886568424431,0.6647154043884509,12.867097939610481,3.789257401426181,0.9765900647786883,0.316629623982616,0.0,2.120393441449134e-15,0
湖南,20260828,annulus,137,force_3,0.6534090909090909,0.9504132231404959,0.7744107744107744,242,352,230,12,122,0.6586342368282324,0.6779522261998617,18.9431249376505,1.4676599392682168,0.9748819235723487,0.4214428258962471,0.0,0.0,0
湖南,20260829,disk,137,force_4,0.659400544959128,1.0,0.7947454844006568,242,367,242,0,125,0.6572050609205137,0.6574723715370616,12.560880754989466,3.7350857717166273,0.9781115238859746,0.3242331302508446,0.0,7.067978138163779e-16,0
湖南,20260829,annulus,137,force_4,0.6491228070175439,0.9173553719008265,0.7602739726027398,242,342,222,20,120,0.6511536841851411,0.6724421559543837,18.258416429066227,1.5054329338182333,0.9402990647226838,0.6094188751705556,0.0,1.2857548588135778e-15,0
湖南,20260830,disk,137,force_4,0.6612021857923497,1.0,0.7960526315789472,242,366,242,0,124,0.6642699660720992,0.6608918414779252,12.554311051492204,3.563650634114852,0.9784148822969364,0.3722771991118317,9.89516939342929e-16,1.2722360648694803e-15,0
湖南,20260830,annulus,137,force_4,0.663768115942029,0.9462809917355371,0.7802385008517888,242,345,229,13,116,0.6640477282140748,0.6814693934178472,17.960484858015505,1.1391632731029782,0.9766694046707859,0.5733283928239541,1.2857548588135778e-15,7.347170621791874e-16,0
湖南,20260831,disk,137,force_2,0.657608695652174,1.0,0.7934426229508198,242,368,242,0,126,0.6564187582935745,0.6575734045956546,12.742292967325886,3.7885974167427885,0.976338043944966,0.31413350764743275,0.0,1.8376743159225824e-15,0
湖南,20260831,annulus,137,force_4,0.6491228070175439,0.9173553719008265,0.7602739726027398,242,342,222,20,120,0.6511536841851411,0.6724421559543837,18.258416429066227,1.5054329338182333,0.9402990647226838,0.6094188751705556,0.0,1.2857548588135778e-15,0
江西,20260827,disk,107,force_4,0.6619718309859155,1.0,0.7966101694915254,188,284,188,0,96,0.6708418718003222,0.6759663502779831,13.827840377738845,3.112161758530374,0.9751366602010229,0.48738074812149185,0.0,0.0,0
江西,20260827,annulus,107,force_4,0.6518518518518519,0.9361702127659575,0.7685589519650656,188,270,176,12,94,0.661353850626803,0.6862789944263747,18.842949781038786,1.7362958465304261,0.9629401046258743,0.5763383690550931,5.510377966343905e-16,1.4694341243583748e-15,0
江西,20260828,disk,107,force_4,0.6619718309859155,1.0,0.7966101694915254,188,284,188,0,96,0.6708418718003222,0.6759663502779831,13.827840377738845,3.112161758530374,0.9751366602010229,0.48738074812149185,0.0,0.0,0
江西,20260828,annulus,107,force_4,0.6518518518518519,0.9361702127659575,0.7685589519650656,188,270,176,12,94,0.661353850626803,0.6862789944263747,18.842949781038786,1.7362958465304261,0.9629401046258743,0.5763383690550931,5.510377966343905e-16,1.4694341243583748e-15,0
江西,20260829,disk,107,force_4,0.6619718309859155,1.0,0.7966101694915254,188,284,188,0,96,0.6660969318433657,0.6708172229079128,13.843102439866083,3.020476494196831,0.9752934030839162,0.4891371725876147,0.0,1.4135956276327558e-15,0
江西,20260829,annulus,107,force_4,0.662962962962963,0.9521276595744681,0.7816593886462883,188,270,179,9,91,0.6722693370497256,0.6938776265323643,18.895546181732147,1.681408151218732,0.9633123689727463,0.5736985489702919,9.183963277239842e-16,9.183963277239842e-16,0
江西,20260830,disk,107,force_4,0.6619718309859155,1.0,0.7966101694915254,188,284,188,0,96,0.6708418718003222,0.6759663502779831,13.827840377738845,3.112161758530374,0.9751366602010229,0.48738074812149185,0.0,0.0,0
江西,20260830,annulus,107,force_4,0.6518518518518519,0.9361702127659575,0.7685589519650656,188,270,176,12,94,0.661353850626803,0.6862789944263747,18.842949781038786,1.7362958465304261,0.9629401046258743,0.5763383690550931,5.510377966343905e-16,1.4694341243583748e-15,0
江西,20260831,disk,107,force_4,0.6619718309859155,1.0,0.7966101694915254,188,284,188,0,96,0.6660969318433657,0.6708172229079128,13.843102439866083,3.020476494196831,0.9752934030839162,0.4891371725876147,0.0,1.4135956276327558e-15,0
江西,20260831,annulus,107,force_4,0.662962962962963,0.9521276595744681,0.7816593886462883,188,270,179,9,91,0.6722693370497256,0.6938776265323643,18.895546181732147,1.681408151218732,0.9633123689727463,0.5736985489702919,9.183963277239842e-16,9.183963277239842e-16,0
广东,20260827,disk,108,force_4,0.6137931034482759,0.9834254143646409,0.7558386411889597,181,290,178,3,112,0.6015622665612943,0.5918158613891107,16.97012706306605,6.139732532883929,0.9849190698028905,1.367513872521679,0.0,4.2407868828982674e-16,0
广东,20260827,annulus,108,force_4,0.568904593639576,0.8895027624309392,0.6939655172413793,181,283,161,20,122,0.5705548936166841,0.58964956874877,20.59655880779654,2.5053725108006373,0.9772785732658835,1.97006766822545,0.0,1.4694341243583748e-15,0
广东,20260828,disk,108,force_4,0.6137931034482759,0.9834254143646409,0.7558386411889597,181,290,178,3,112,0.6015622665612943,0.5918158613891107,16.97012706306605,6.139732532883929,0.9849190698028905,1.367513872521679,0.0,4.2407868828982674e-16,0
广东,20260828,annulus,108,force_3,0.5390070921985816,0.8397790055248618,0.6565874730021598,181,282,152,29,130,0.5523443376019055,0.5735026103333802,20.81183267133464,2.580706884283168,0.9793363628568977,1.9147658917933943,0.0,1.8367926554479684e-15,0
广东,20260829,disk,108,force_4,0.6137931034482759,0.9834254143646409,0.7558386411889597,181,290,178,3,112,0.6015622665612943,0.5918158613891107,16.97012706306605,6.139732532883929,0.9849190698028905,1.367513872521679,0.0,4.2407868828982674e-16,0
广东,20260829,annulus,108,force_4,0.5704225352112676,0.8950276243093923,0.6967741935483871,181,284,162,19,122,0.5754401407447932,0.5983156107000701,20.56121924981323,2.5203164265886535,0.9768212866901026,1.9626810025390558,0.0,1.102075593268781e-15,0
广东,20260830,disk,108,force_4,0.6137931034482759,0.9834254143646409,0.7558386411889597,181,290,178,3,112,0.6015622665612943,0.5918158613891107,16.97012706306605,6.139732532883929,0.9849190698028905,1.367513872521679,0.0,4.2407868828982674e-16,0
广东,20260830,annulus,108,force_4,0.5845070422535211,0.9171270718232044,0.7139784946236558,181,284,166,15,118,0.5894508765101301,0.607181909245135,20.821187454963255,2.5421875611996265,0.9758781331275543,1.9609562678137749,1.8367926554479684e-15,0.0,0
广东,20260831,disk,108,force_4,0.6137931034482759,0.9834254143646409,0.7558386411889597,181,290,178,3,112,0.6015622665612943,0.5918158613891107,16.97012706306605,6.139732532883929,0.9849190698028905,1.367513872521679,0.0,4.2407868828982674e-16,0
广东,20260831,annulus,108,force_4,0.5704225352112676,0.8950276243093923,0.6967741935483871,181,284,162,19,122,0.5754401407447932,0.5983156107000701,20.56121924981323,2.5203164265886535,0.9768212866901026,1.9626810025390558,0.0,1.102075593268781e-15,0
福建,20260827,disk,74,force_1,0.6578947368421053,1.0,0.7936507936507937,125,190,125,0,65,0.6628024091259387,0.6492640981427019,12.655822126839373,2.953860083474787,0.9574083672713808,0.4817032627071205,0.0,1.2722360648694803e-15,0
福建,20260827,annulus,74,force_4,0.6647398843930635,0.92,0.7718120805369127,125,173,115,10,58,0.6841557268027857,0.7101116670448845,17.377714446795423,1.2219708031771361,0.9606960385042574,0.6122162043052364,9.183963277239842e-16,5.510377966343905e-16,0
福建,20260828,disk,74,force_1,0.6578947368421053,1.0,0.7936507936507937,125,190,125,0,65,0.6628024091259387,0.6492640981427019,12.655822126839373,2.953860083474787,0.9574083672713808,0.4817032627071205,0.0,1.2722360648694803e-15,0
福建,20260828,annulus,74,force_4,0.6647398843930635,0.92,0.7718120805369127,125,173,115,10,58,0.6841557268027857,0.7101116670448845,17.377714446795423,1.2219708031771361,0.9606960385042574,0.6122162043052364,9.183963277239842e-16,5.510377966343905e-16,0
福建,20260829,disk,74,force_1,0.6578947368421053,1.0,0.7936507936507937,125,190,125,0,65,0.6628024091259387,0.6492640981427019,12.655822126839373,2.953860083474787,0.9574083672713808,0.4817032627071205,0.0,1.2722360648694803e-15,0
福建,20260829,annulus,74,force_4,0.6647398843930635,0.92,0.7718120805369127,125,173,115,10,58,0.6841557268027857,0.7101116670448845,17.377714446795423,1.2219708031771361,0.9606960385042574,0.6122162043052364,9.183963277239842e-16,5.510377966343905e-16,0
福建,20260830,disk,74,force_1,0.6578947368421053,1.0,0.7936507936507937,125,190,125,0,65,0.6628024091259387,0.6492640981427019,12.655822126839373,2.953860083474787,0.9574083672713808,0.4817032627071205,0.0,1.2722360648694803e-15,0
福建,20260830,annulus,74,force_4,0.6647398843930635,0.92,0.7718120805369127,125,173,115,10,58,0.6841557268027857,0.7101116670448845,17.377714446795423,1.2219708031771361,0.9606960385042574,0.6122162043052364,9.183963277239842e-16,5.510377966343905e-16,0
福建,20260831,disk,74,force_1,0.6578947368421053,1.0,0.7936507936507937,125,190,125,0,65,0.6628024091259387,0.6492640981427019,12.655822126839373,2.953860083474787,0.9574083672713808,0.4817032627071205,0.0,1.2722360648694803e-15,0
福建,20260831,annulus,74,force_4,0.6647398843930635,0.92,0.7718120805369127,125,173,115,10,58,0.6841557268027857,0.7101116670448845,17.377714446795423,1.2219708031771361,0.9606960385042574,0.6122162043052364,9.183963277239842e-16,5.510377966343905e-16,0
广西,20260827,disk,142,force_3,0.6447368421052632,0.9879032258064516,0.7802547770700636,248,380,245,3,135,0.6412952409611155,0.641150350124813,14.097116593409686,1.8245990967043342,0.9743918053777209,0.3706854004237428,0.0,5.654382510531023e-16,0
广西,20260827,annulus,142,force_4,0.637883008356546,0.9233870967741935,0.7545304777594728,248,359,229,19,130,0.6436849409785506,0.6683761053271724,18.740651421017247,1.0829444894659261,0.9655064743467502,0.44923667236191245,0.0,2.204151186537562e-15,0
广西,20260828,disk,142,force_3,0.6447368421052632,0.9879032258064516,0.7802547770700636,248,380,245,3,135,0.6422656177030334,0.6418653752583583,14.28931317366497,2.0197673772038365,0.9745049676125493,0.3708480494573466,0.0,8.481573765796535e-16,0
广西,20260828,annulus,142,force_4,0.6432584269662921,0.9233870967741935,0.7582781456953642,248,356,229,19,127,0.6452174153082778,0.6682765095467852,18.545056439608206,1.0974628074777344,0.9666129495317388,0.49870258736923107,2.3878304520823588e-15,1.4694341243583748e-15,0
广西,20260829,disk,142,force_3,0.6447368421052632,0.9879032258064516,0.7802547770700636,248,380,245,3,135,0.6412952409611155,0.641150350124813,14.097116593409686,1.8245990967043342,0.9743918053777209,0.3706854004237428,0.0,5.654382510531023e-16,0
广西,20260829,annulus,142,force_4,0.637883008356546,0.9233870967741935,0.7545304777594728,248,359,229,19,130,0.6436849409785506,0.6683761053271724,18.740651421017247,1.0829444894659261,0.9655064743467502,0.44923667236191245,0.0,2.204151186537562e-15,0
广西,20260830,disk,142,force_4,0.6517150395778364,0.9959677419354839,0.7878787878787878,248,379,247,1,132,0.6427213067701356,0.6357004171945516,13.393825213611747,1.5260809238566062,0.97523423534811,0.4341565419390895,0.02257602667677802,0.02257602667677986,0
广西,20260830,annulus,142,force_4,0.6434540389972145,0.9314516129032258,0.7611202635914334,248,359,231,17,128,0.6497449917481901,0.6732867573917167,18.72500395629025,0.9519250388103389,0.9656364013571087,0.44784627491794504,0.0,1.2857548588135778e-15,0
广西,20260831,disk,142,force_4,0.6517150395778364,0.9959677419354839,0.7878787878787878,248,379,247,1,132,0.6427213067701356,0.6357004171945516,13.393825213611747,1.5260809238566062,0.97523423534811,0.4341565419390895,0.02257602667677802,0.02257602667677986,0
广西,20260831,annulus,142,force_4,0.6434540389972145,0.9314516129032258,0.7611202635914334,248,359,231,17,128,0.6497449917481901,0.6732867573917167,18.72500395629025,0.9519250388103389,0.9656364013571087,0.44784627491794504,0.0,1.2857548588135778e-15,0
安徽,20260827,disk,96,force_1,0.6334661354581673,0.99375,0.7737226277372263,160,251,159,1,92,0.6292073427679562,0.6364366046962138,16.07762481020081,3.5550991217745485,0.9614080303852416,0.4013053208345216,4.2407868828982674e-16,1.4135956276327557e-16,0
安徽,20260827,annulus,96,force_4,0.6536796536796536,0.94375,0.772378516624041,160,231,151,9,80,0.6515721851695634,0.6693707768896445,19.446620784929415,2.0190661198205855,0.9511665762344004,0.7234533020788712,0.0,7.347170621791874e-16,0
安徽,20260828,disk,96,force_3,0.6557377049180327,1.0,0.7920792079207921,160,244,160,0,84,0.6630303332073844,0.6665843522818305,15.261421616718735,3.293077596828384,0.9511801410743354,0.6595175694244151,0.0,1.8376743159225824e-15,0
安徽,20260828,annulus,96,force_4,0.6536796536796536,0.94375,0.772378516624041,160,231,151,9,80,0.6515721851695634,0.6693707768896445,19.446620784929415,2.0190661198205855,0.9511665762344004,0.7234533020788712,0.0,7.347170621791874e-16,0
安徽,20260829,disk,96,force_3,0.6557377049180327,1.0,0.7920792079207921,160,244,160,0,84,0.6630303332073844,0.6665843522818305,15.261421616718735,3.293077596828384,0.9511801410743354,0.6595175694244151,0.0,1.8376743159225824e-15,0
安徽,20260829,annulus,96,force_4,0.6536796536796536,0.94375,0.772378516624041,160,231,151,9,80,0.6515721851695634,0.6693707768896445,19.446620784929415,2.0190661198205855,0.9511665762344004,0.7234533020788712,0.0,7.347170621791874e-16,0
安徽,20260830,disk,96,force_3,0.6557377049180327,1.0,0.7920792079207921,160,244,160,0,84,0.6630303332073844,0.6665843522818305,15.261421616718735,3.293077596828384,0.9511801410743354,0.6595175694244151,0.0,1.8376743159225824e-15,0
安徽,20260830,annulus,96,force_4,0.6536796536796536,0.94375,0.772378516624041,160,231,151,9,80,0.6515721851695634,0.6693707768896445,19.446620784929415,2.0190661198205855,0.9511665762344004,0.7234533020788712,0.0,7.347170621791874e-16,0
安徽,20260831,disk,96,force_3,0.6557377049180327,1.0,0.7920792079207921,160,244,160,0,84,0.6630303332073844,0.6665843522818305,15.261421616718735,3.293077596828384,0.9511801410743354,0.6595175694244151,0.0,1.8376743159225824e-15,0
安徽,20260831,annulus,96,force_4,0.6536796536796536,0.94375,0.772378516624041,160,231,151,9,80,0.6515721851695634,0.6693707768896445,19.446620784929415,2.0190661198205855,0.9511665762344004,0.7234533020788712,0.0,7.347170621791874e-16,0
浙江,20260827,disk,65,harmonic,0.650887573964497,1.0,0.7885304659498208,110,169,110,0,59,0.6573721305949218,0.6677065289237271,7.233716642910034,2.671938497863552,0.8864510489510489,0.29638364883918605,4.2407868828982674e-16,1.2722360648694803e-15,0
浙江,20260827,annulus,65,force_4,0.6451612903225806,0.9090909090909091,0.7547169811320754,110,155,100,10,55,0.6590869611058942,0.6946146478004469,14.560860082187716,1.681406731957828,0.9159965034965035,0.29404614184095246,0.0,1.102075593268781e-15,0
浙江,20260828,disk,65,harmonic,0.650887573964497,1.0,0.7885304659498208,110,169,110,0,59,0.6573721305949218,0.6677065289237271,7.233716642910034,2.671938497863552,0.8864510489510489,0.29638364883918605,4.2407868828982674e-16,1.2722360648694803e-15,0
浙江,20260828,annulus,65,force_4,0.6451612903225806,0.9090909090909091,0.7547169811320754,110,155,100,10,55,0.6590869611058942,0.6946146478004469,14.560860082187716,1.681406731957828,0.9159965034965035,0.29404614184095246,0.0,1.102075593268781e-15,0
浙江,20260829,disk,65,harmonic,0.650887573964497,1.0,0.7885304659498208,110,169,110,0,59,0.6573721305949218,0.6677065289237271,7.233716642910034,2.671938497863552,0.8864510489510489,0.29638364883918605,4.2407868828982674e-16,1.2722360648694803e-15,0
浙江,20260829,annulus,65,force_4,0.6451612903225806,0.9090909090909091,0.7547169811320754,110,155,100,10,55,0.6590869611058942,0.6946146478004469,14.560860082187716,1.681406731957828,0.9159965034965035,0.29404614184095246,0.0,1.102075593268781e-15,0
浙江,20260830,disk,65,harmonic,0.650887573964497,1.0,0.7885304659498208,110,169,110,0,59,0.6573721305949218,0.6677065289237271,7.233716642910034,2.671938497863552,0.8864510489510489,0.29638364883918605,4.2407868828982674e-16,1.2722360648694803e-15,0
浙江,20260830,annulus,65,force_4,0.6451612903225806,0.9090909090909091,0.7547169811320754,110,155,100,10,55,0.6590869611058942,0.6946146478004469,14.560860082187716,1.681406731957828,0.9159965034965035,0.29404614184095246,0.0,1.102075593268781e-15,0
浙江,20260831,disk,65,harmonic,0.650887573964497,1.0,0.7885304659498208,110,169,110,0,59,0.6573721305949218,0.6677065289237271,7.233716642910034,2.671938497863552,0.8864510489510489,0.29638364883918605,4.2407868828982674e-16,1.2722360648694803e-15,0
浙江,20260831,annulus,65,force_4,0.6451612903225806,0.9090909090909091,0.7547169811320754,110,155,100,10,55,0.6590869611058942,0.6946146478004469,14.560860082187716,1.681406731957828,0.9159965034965035,0.29404614184095246,0.0,1.102075593268781e-15,0
