dataset,method,view,boundary_definition,node_group,node_count,node_adj_f1,node_neighbor_jaccard,degree_absolute_error,node_direction_error_deg,node_neighbor_order_accuracy
湖北,GeoDisk-Final,disk,topological,boundary,47,0.706184949801971,0.5655268490374874,1.851063829787234,24.626191288210656,0.945736434108527
湖北,GeoDisk-Final,disk,topological,interior,83,0.7634477303152001,0.6263912794033275,1.963855421686747,14.707477585270505,0.9267489711934156
湖北,GeoDisk-Final,disk,geographic,boundary,56,0.7199443413729129,0.580718537414966,1.7857142857142858,24.147591091774125,0.9238993710691823
湖北,GeoDisk-Final,disk,geographic,interior,74,0.7599996099996099,0.6222972972972972,2.027027027027027,13.863331472756778,0.9403755868544601
湖北,GeoAnnulus-Final,annulus,topological,boundary,47,0.7086119554204661,0.568693009118541,1.5106382978723405,27.790268871719935,0.8730158730158729
湖北,GeoAnnulus-Final,annulus,topological,interior,83,0.7049922634259983,0.5600114744693057,1.7469879518072289,18.824923369295416,0.9138528138528138
湖北,GeoAnnulus-Final,annulus,geographic,boundary,56,0.7093730674087817,0.5684098639455782,1.5,26.978230968480027,0.8775641025641024
湖北,GeoAnnulus-Final,annulus,geographic,interior,74,0.7039760539760539,0.559169884169884,1.7837837837837838,18.34905868091182,0.9164179104477612
湖南,GeoDisk-Final,disk,topological,boundary,44,0.7695887445887444,0.6397727272727273,1.4545454545454546,18.873344969870107,0.8717948717948716
湖南,GeoDisk-Final,disk,topological,interior,93,0.8031280547409579,0.6750640040962621,1.978494623655914,10.287859644519529,0.9770609318996415
湖南,GeoDisk-Final,disk,geographic,boundary,49,0.7776702888947786,0.6500971817298348,1.469387755102041,17.768835901210885,0.8704545454545454
湖南,GeoDisk-Final,disk,geographic,interior,88,0.8005337465564737,0.6713203463203463,2.0,10.41505870971895,0.9837121212121211
湖南,GeoAnnulus-Final,annulus,topological,boundary,44,0.7785714285714285,0.6541666666666667,1.2045454545454546,25.704834258600943,0.9
湖南,GeoAnnulus-Final,annulus,topological,interior,93,0.7431240205433751,0.6080773169482846,1.7956989247311828,16.606045739631554,0.9647286821705425
湖南,GeoAnnulus-Final,annulus,geographic,boundary,49,0.7784801366434019,0.6552478134110786,1.2244897959183674,24.777699748206306,0.8955555555555554
湖南,GeoAnnulus-Final,annulus,geographic,interior,88,0.7411607962744327,0.6048566017316017,1.8181818181818181,16.605314471614403,0.9711934156378601
江西,GeoDisk-Final,disk,topological,boundary,38,0.7796992481203009,0.6513157894736842,1.4736842105263157,18.32237463732494,0.918918918918919
江西,GeoDisk-Final,disk,topological,interior,69,0.8048601961645439,0.6758454106280192,1.9710144927536233,12.126095624807723,0.9492753623188406
江西,GeoDisk-Final,disk,geographic,boundary,38,0.7841896407685883,0.6578947368421053,1.4473684210526316,18.052770145986155,0.9234234234234235
江西,GeoDisk-Final,disk,geographic,interior,69,0.8023872263002695,0.6722222222222222,1.9855072463768115,12.274573460617495,0.9468599033816425
江西,GeoAnnulus-Final,annulus,topological,boundary,38,0.8069548872180451,0.6867167919799498,1.263157894736842,20.97697326495716,0.882882882882883
江西,GeoAnnulus-Final,annulus,topological,interior,69,0.7513718970240708,0.6158730158730158,1.710144927536232,18.350712435555582,0.9134328358208954
江西,GeoAnnulus-Final,annulus,geographic,boundary,38,0.8062865497076025,0.6858395989974938,1.2894736842105263,20.49508971790203,0.882882882882883
江西,GeoAnnulus-Final,annulus,geographic,interior,69,0.7517399669573581,0.6163561076604553,1.6956521739130435,18.61609757741203,0.9134328358208954
广东,GeoDisk-Final,disk,topological,boundary,46,0.6919427191166322,0.546972049689441,2.152173913043478,22.10244491615106,0.9285714285714284
广东,GeoDisk-Final,disk,topological,interior,62,0.796774193548387,0.6693548387096772,1.9193548387096775,14.89992200195619,0.9241935483870969
广东,GeoDisk-Final,disk,geographic,boundary,37,0.7084084084084085,0.5726190476190477,1.945945945945946,21.318884790137865,0.9264705882352942
广东,GeoDisk-Final,disk,geographic,interior,71,0.7749049854683656,0.6404761904761902,2.056338028169014,16.221252014494816,0.9257142857142855
广东,GeoAnnulus-Final,annulus,topological,boundary,46,0.6634748102139406,0.5206780538302278,2.0217391304347827,25.52552628891928,0.8292682926829267
广东,GeoAnnulus-Final,annulus,topological,interior,62,0.7130661453242095,0.5671466973886327,1.7903225806451613,18.29200191213004,0.9477777777777777
广东,GeoAnnulus-Final,annulus,geographic,boundary,37,0.7122694122694123,0.575,1.972972972972973,23.10259707470456,0.8970588235294118
广东,GeoAnnulus-Final,annulus,geographic,interior,71,0.6813517468447042,0.5329476861167,1.8450704225352113,20.471580789834942,0.9009950248756217
福建,GeoDisk-Final,disk,topological,boundary,30,0.7660317460317462,0.6324603174603175,1.5333333333333334,20.154368611373616,0.8965517241379312
福建,GeoDisk-Final,disk,topological,interior,44,0.8123966942148758,0.6896103896103897,1.9090909090909092,9.742961184217409,0.9621212121212122
福建,GeoDisk-Final,disk,geographic,boundary,25,0.7845079365079364,0.657142857142857,1.4,19.955686441012595,0.875
福建,GeoDisk-Final,disk,geographic,interior,49,0.7982389492593573,0.6711856171039843,1.9387755102040816,10.906718151458364,0.9659863945578232
福建,GeoAnnulus-Final,annulus,topological,boundary,30,0.7991269841269841,0.6777777777777777,1.2333333333333334,20.719369252944364,0.9080459770114944
福建,GeoAnnulus-Final,annulus,topological,interior,44,0.7446313787222878,0.6137445887445888,1.6136363636363635,16.37939939851868,0.9333333333333332
福建,GeoAnnulus-Final,annulus,geographic,boundary,25,0.820031746031746,0.7060000000000001,1.08,22.720449557594993,0.8888888888888888
福建,GeoAnnulus-Final,annulus,geographic,interior,49,0.7395264599346233,0.6058794946550048,1.653061224489796,15.80129412618935,0.9407407407407407
广西,GeoDisk-Final,disk,topological,boundary,46,0.7286231884057971,0.5925983436853003,1.6521739130434783,22.34092340460591,0.9523809523809522
广西,GeoDisk-Final,disk,topological,interior,96,0.8010521885521887,0.6732142857142858,1.9583333333333333,11.82357000185298,0.9611111111111111
广西,GeoDisk-Final,disk,geographic,boundary,45,0.728771845438512,0.5929100529100529,1.6888888888888889,22.576285504917898,0.9260162601626013
广西,GeoDisk-Final,disk,geographic,interior,97,0.800236533226224,0.6722385861561119,1.9381443298969072,11.822807722355185,0.9721649484536082
广西,GeoAnnulus-Final,annulus,topological,boundary,46,0.7471532091097306,0.6122153209109732,1.3478260869565217,25.38781504824443,0.8928571428571427
广西,GeoAnnulus-Final,annulus,topological,interior,96,0.7536292989417991,0.619717261904762,1.7083333333333333,17.14363861261741,0.9512820512820512
广西,GeoAnnulus-Final,annulus,geographic,boundary,45,0.7407231040564374,0.6034920634920635,1.4,25.54759395866814,0.8658536585365852
广西,GeoAnnulus-Final,annulus,geographic,interior,97,0.7565455735558829,0.6236867943053511,1.6804123711340206,17.15450588546854,0.9626811594202899
安徽,GeoDisk-Final,disk,topological,boundary,37,0.7021235521235522,0.5563063063063065,1.7837837837837838,23.43783637873856,0.9462365591397849
安徽,GeoDisk-Final,disk,topological,interior,59,0.8028077384009586,0.6744955609362387,1.9661016949152543,13.653995929492865,0.9570621468926555
安徽,GeoDisk-Final,disk,geographic,boundary,41,0.7113627564847077,0.567479674796748,1.7560975609756098,23.52999771583009,0.9333333333333332
安徽,GeoDisk-Final,disk,geographic,interior,55,0.803242817788272,0.6747619047619045,2.0,12.8737418091704,0.9660606060606061
安徽,GeoAnnulus-Final,annulus,topological,boundary,37,0.7490347490347491,0.6157657657657657,1.4594594594594594,23.386442086831277,0.9569892473118279
安徽,GeoAnnulus-Final,annulus,topological,interior,59,0.7692652921466481,0.6417271993543179,1.728813559322034,18.033172458952283,0.9148809523809524
安徽,GeoAnnulus-Final,annulus,geographic,boundary,41,0.753007426178158,0.6196283391405344,1.5365853658536586,23.191112786558563,0.9333333333333335
安徽,GeoAnnulus-Final,annulus,geographic,interior,55,0.7677751541387903,0.6407359307359307,1.690909090909091,17.78945287349166,0.9275641025641025
浙江,GeoDisk-Final,disk,topological,boundary,23,0.7474120082815735,0.6079710144927536,1.5217391304347827,13.342426244004358,0.9565217391304348
浙江,GeoDisk-Final,disk,topological,interior,42,0.804040404040404,0.6743764172335601,1.9761904761904763,5.221895446872405,0.9404761904761905
浙江,GeoDisk-Final,disk,geographic,boundary,18,0.7687830687830688,0.6342592592592592,1.5,12.71928736758676,0.9444444444444444
浙江,GeoDisk-Final,disk,geographic,interior,47,0.7898314451505938,0.6572441742654508,1.9361702127659575,6.324430633280416,0.9468085106382975
浙江,GeoAnnulus-Final,annulus,topological,boundary,23,0.7350931677018633,0.5913043478260869,1.6521739130434783,14.042406774344581,0.9565217391304348
浙江,GeoAnnulus-Final,annulus,topological,interior,42,0.753913282484711,0.6303287981859411,1.4761904761904763,14.69192573901454,0.8991452991452991
浙江,GeoAnnulus-Final,annulus,geographic,boundary,18,0.7799823633156966,0.6546296296296297,1.3888888888888888,13.763871819308484,0.9444444444444444
浙江,GeoAnnulus-Final,annulus,geographic,interior,47,0.7347195357833656,0.6019250253292807,1.5957446808510638,14.729500938318793,0.9106060606060603
