dataset,method,view,tolerance,adj_precision,adj_recall,adj_f1,original_edge_count,display_edge_count,preserved_edge_count,lost_edge_count,new_edge_count,np2
湖北,Direct Polar,disk,1e-06,0.6428571428571429,0.84,0.7283236994219654,225,294,189,36,105,0.5564644690922687
湖北,Direct Polar,disk,5e-06,0.6737160120845922,0.9911111111111112,0.8021582733812951,225,331,223,2,108,0.6754041547622447
湖北,Direct Polar,disk,2e-05,0.7124600638977636,0.9911111111111112,0.8289962825278812,225,313,223,2,90,0.7113096230394993
湖北,Direct Polar,disk,0.0001,0.7216828478964401,0.9911111111111112,0.8352059925093633,225,309,223,2,86,0.7196115800454049
湖北,Direct Polar,disk,0.0005,0.7170418006430869,0.9911111111111112,0.832089552238806,225,311,223,2,88,0.7172527882986636
湖北,Direct Polar,annulus,1e-06,0.6343042071197411,0.8711111111111111,0.7340823970037454,225,309,196,29,113,0.5859259593440349
湖北,Direct Polar,annulus,5e-06,0.6627218934911243,0.9955555555555555,0.7957371225577266,225,338,224,1,114,0.6739612248040756
湖北,Direct Polar,annulus,2e-05,0.6696428571428571,1.0,0.802139037433155,225,336,225,0,111,0.6829594587757245
湖北,Direct Polar,annulus,0.0001,0.665680473372781,1.0,0.7992895204262878,225,338,225,0,113,0.6781100397181606
湖北,Direct Polar,annulus,0.0005,0.6637168141592921,1.0,0.797872340425532,225,339,225,0,114,0.6766348482429692
湖北,Harmonic,disk,1e-06,0.5542168674698795,0.8177777777777778,0.6606822262118491,225,332,184,41,148,0.5555089261360423
湖北,Harmonic,disk,5e-06,0.5542168674698795,0.8177777777777778,0.6606822262118491,225,332,184,41,148,0.5555089261360423
湖北,Harmonic,disk,2e-05,0.5542168674698795,0.8177777777777778,0.6606822262118491,225,332,184,41,148,0.5555089261360423
湖北,Harmonic,disk,0.0001,0.5542168674698795,0.8177777777777778,0.6606822262118491,225,332,184,41,148,0.5555089261360423
湖北,Harmonic,disk,0.0005,0.552870090634441,0.8133333333333334,0.658273381294964,225,331,183,42,148,0.5544064321388115
湖北,Harmonic,annulus,1e-06,0.5379746835443038,0.7555555555555555,0.6284658040665434,225,316,170,55,146,0.5346873303331777
湖北,Harmonic,annulus,5e-06,0.5379746835443038,0.7555555555555555,0.6284658040665434,225,316,170,55,146,0.5346873303331777
湖北,Harmonic,annulus,2e-05,0.5379746835443038,0.7555555555555555,0.6284658040665434,225,316,170,55,146,0.5346873303331777
湖北,Harmonic,annulus,0.0001,0.5379746835443038,0.7555555555555555,0.6284658040665434,225,316,170,55,146,0.5346873303331777
湖北,Harmonic,annulus,0.0005,0.5379746835443038,0.7555555555555555,0.6284658040665434,225,316,170,55,146,0.5346873303331777
湖北,Area-balanced,disk,1e-06,0.5619596541786743,0.8666666666666667,0.6818181818181819,225,347,195,30,152,0.5527420763285023
湖北,Area-balanced,disk,5e-06,0.5619596541786743,0.8666666666666667,0.6818181818181819,225,347,195,30,152,0.5527420763285023
湖北,Area-balanced,disk,2e-05,0.5619596541786743,0.8666666666666667,0.6818181818181819,225,347,195,30,152,0.5527420763285023
湖北,Area-balanced,disk,0.0001,0.5619596541786743,0.8666666666666667,0.6818181818181819,225,347,195,30,152,0.5527420763285023
湖北,Area-balanced,disk,0.0005,0.5619596541786743,0.8666666666666667,0.6818181818181819,225,347,195,30,152,0.5527420763285023
湖北,Area-balanced,annulus,1e-06,0.49240121580547114,0.72,0.5848375451263538,225,329,162,63,167,0.5167574305777243
湖北,Area-balanced,annulus,5e-06,0.49240121580547114,0.72,0.5848375451263538,225,329,162,63,167,0.5167574305777243
湖北,Area-balanced,annulus,2e-05,0.49240121580547114,0.72,0.5848375451263538,225,329,162,63,167,0.5167574305777243
湖北,Area-balanced,annulus,0.0001,0.49240121580547114,0.72,0.5848375451263538,225,329,162,63,167,0.5167574305777243
湖北,Area-balanced,annulus,0.0005,0.49240121580547114,0.72,0.5848375451263538,225,329,162,63,167,0.5167574305777243
湖北,Regular Topology,disk,1e-06,0.3690205011389522,0.72,0.4879518072289156,225,439,162,63,277,0.3896436986873666
湖北,Regular Topology,disk,5e-06,0.3690205011389522,0.72,0.4879518072289156,225,439,162,63,277,0.3896436986873666
湖北,Regular Topology,disk,2e-05,0.3690205011389522,0.72,0.4879518072289156,225,439,162,63,277,0.3896436986873666
湖北,Regular Topology,disk,0.0001,0.3690205011389522,0.72,0.4879518072289156,225,439,162,63,277,0.3896436986873666
湖北,Regular Topology,disk,0.0005,0.3690205011389522,0.72,0.4879518072289156,225,439,162,63,277,0.3896436986873666
湖北,Regular Topology,annulus,1e-06,0.4341317365269461,0.6444444444444445,0.5187835420393561,225,334,145,80,189,0.41427942368569276
湖北,Regular Topology,annulus,5e-06,0.4341317365269461,0.6444444444444445,0.5187835420393561,225,334,145,80,189,0.41427942368569276
湖北,Regular Topology,annulus,2e-05,0.4341317365269461,0.6444444444444445,0.5187835420393561,225,334,145,80,189,0.41427942368569276
湖北,Regular Topology,annulus,0.0001,0.4341317365269461,0.6444444444444445,0.5187835420393561,225,334,145,80,189,0.41427942368569276
湖北,Regular Topology,annulus,0.0005,0.4341317365269461,0.6444444444444445,0.5187835420393561,225,334,145,80,189,0.41427942368569276
湖北,GeoDisk,disk,1e-06,0.4676056338028169,0.7377777777777778,0.5724137931034483,225,355,166,59,189,0.44952997032326264
湖北,GeoDisk,disk,5e-06,0.4676056338028169,0.7377777777777778,0.5724137931034483,225,355,166,59,189,0.44952997032326264
湖北,GeoDisk,disk,2e-05,0.4676056338028169,0.7377777777777778,0.5724137931034483,225,355,166,59,189,0.44952997032326264
湖北,GeoDisk,disk,0.0001,0.4676056338028169,0.7377777777777778,0.5724137931034483,225,355,166,59,189,0.44952997032326264
湖北,GeoDisk,disk,0.0005,0.4689265536723164,0.7377777777777778,0.5734024179620034,225,354,166,59,188,0.45137454070330213
湖北,GeoAnnulus,annulus,1e-06,0.48598130841121495,0.6933333333333334,0.5714285714285714,225,321,156,69,165,0.4798701381310336
湖北,GeoAnnulus,annulus,5e-06,0.48598130841121495,0.6933333333333334,0.5714285714285714,225,321,156,69,165,0.4798701381310336
湖北,GeoAnnulus,annulus,2e-05,0.48598130841121495,0.6933333333333334,0.5714285714285714,225,321,156,69,165,0.4798701381310336
湖北,GeoAnnulus,annulus,0.0001,0.48598130841121495,0.6933333333333334,0.5714285714285714,225,321,156,69,165,0.4798701381310336
湖北,GeoAnnulus,annulus,0.0005,0.48598130841121495,0.6933333333333334,0.5714285714285714,225,321,156,69,165,0.4798701381310336
湖北,GeoDisk-Final,disk,1e-06,0.6257142857142857,0.9733333333333334,0.7617391304347825,225,350,219,6,131,0.6296832361758535
湖北,GeoDisk-Final,disk,5e-06,0.6257142857142857,0.9733333333333334,0.7617391304347825,225,350,219,6,131,0.6296832361758535
湖北,GeoDisk-Final,disk,2e-05,0.6257142857142857,0.9733333333333334,0.7617391304347825,225,350,219,6,131,0.6296832361758535
湖北,GeoDisk-Final,disk,0.0001,0.6257142857142857,0.9733333333333334,0.7617391304347825,225,350,219,6,131,0.6296832361758535
湖北,GeoDisk-Final,disk,0.0005,0.6257142857142857,0.9733333333333334,0.7617391304347825,225,350,219,6,131,0.6296832361758535
湖北,GeoAnnulus-Final,annulus,1e-06,0.5975609756097561,0.8711111111111111,0.7088607594936708,225,328,196,29,132,0.5965785802050131
湖北,GeoAnnulus-Final,annulus,5e-06,0.5975609756097561,0.8711111111111111,0.7088607594936708,225,328,196,29,132,0.5965785802050131
湖北,GeoAnnulus-Final,annulus,2e-05,0.5975609756097561,0.8711111111111111,0.7088607594936708,225,328,196,29,132,0.5965785802050131
湖北,GeoAnnulus-Final,annulus,0.0001,0.5975609756097561,0.8711111111111111,0.7088607594936708,225,328,196,29,132,0.5965785802050131
湖北,GeoAnnulus-Final,annulus,0.0005,0.599388379204893,0.8711111111111111,0.7101449275362318,225,327,196,29,131,0.59868437731468
湖南,Direct Polar,disk,1e-06,0.6533333333333333,0.8099173553719008,0.7232472324723247,242,300,196,46,104,0.5638214964122853
湖南,Direct Polar,disk,5e-06,0.7017543859649122,0.9917355371900827,0.821917808219178,242,342,240,2,102,0.7095356313015236
湖南,Direct Polar,disk,2e-05,0.7619047619047619,0.9917355371900827,0.8617594254937163,242,315,240,2,75,0.7617867128816034
湖南,Direct Polar,disk,0.0001,0.7766990291262136,0.9917355371900827,0.8711433756805808,242,309,240,2,69,0.7792861080199218
湖南,Direct Polar,disk,0.0005,0.7766990291262136,0.9917355371900827,0.8711433756805808,242,309,240,2,69,0.7779621248850758
湖南,Direct Polar,annulus,1e-06,0.6346749226006192,0.8471074380165289,0.7256637168141593,242,323,205,37,118,0.5636009107826129
湖南,Direct Polar,annulus,5e-06,0.6539509536784741,0.9917355371900827,0.7881773399014778,242,367,240,2,127,0.6533920766016357
湖南,Direct Polar,annulus,2e-05,0.7038123167155426,0.9917355371900827,0.823327615780446,242,341,240,2,101,0.7146751853701979
湖南,Direct Polar,annulus,0.0001,0.7079646017699115,0.9917355371900827,0.8261617900172117,242,339,240,2,99,0.7160975279958467
湖南,Direct Polar,annulus,0.0005,0.7100591715976331,0.9917355371900827,0.8275862068965518,242,338,240,2,98,0.7205977746601122
湖南,Harmonic,disk,1e-06,0.6454293628808865,0.9628099173553719,0.7728026533996684,242,361,233,9,128,0.6580558897147788
湖南,Harmonic,disk,5e-06,0.6454293628808865,0.9628099173553719,0.7728026533996684,242,361,233,9,128,0.6580558897147788
湖南,Harmonic,disk,2e-05,0.6454293628808865,0.9628099173553719,0.7728026533996684,242,361,233,9,128,0.6580558897147788
湖南,Harmonic,disk,0.0001,0.6454293628808865,0.9628099173553719,0.7728026533996684,242,361,233,9,128,0.6580558897147788
湖南,Harmonic,disk,0.0005,0.6454293628808865,0.9628099173553719,0.7728026533996684,242,361,233,9,128,0.6580558897147788
湖南,Harmonic,annulus,1e-06,0.6242603550295858,0.871900826446281,0.7275862068965517,242,338,211,31,127,0.6257124398053416
湖南,Harmonic,annulus,5e-06,0.6242603550295858,0.871900826446281,0.7275862068965517,242,338,211,31,127,0.6257124398053416
湖南,Harmonic,annulus,2e-05,0.6242603550295858,0.871900826446281,0.7275862068965517,242,338,211,31,127,0.6257124398053416
湖南,Harmonic,annulus,0.0001,0.6242603550295858,0.871900826446281,0.7275862068965517,242,338,211,31,127,0.6257124398053416
湖南,Harmonic,annulus,0.0005,0.6242603550295858,0.871900826446281,0.7275862068965517,242,338,211,31,127,0.6257124398053416
湖南,Area-balanced,disk,1e-06,0.6294277929155313,0.9545454545454546,0.7586206896551725,242,367,231,11,136,0.6371082453750078
湖南,Area-balanced,disk,5e-06,0.6294277929155313,0.9545454545454546,0.7586206896551725,242,367,231,11,136,0.6371082453750078
湖南,Area-balanced,disk,2e-05,0.6294277929155313,0.9545454545454546,0.7586206896551725,242,367,231,11,136,0.6371082453750078
湖南,Area-balanced,disk,0.0001,0.6294277929155313,0.9545454545454546,0.7586206896551725,242,367,231,11,136,0.6371082453750078
湖南,Area-balanced,disk,0.0005,0.6294277929155313,0.9545454545454546,0.7586206896551725,242,367,231,11,136,0.6371082453750078
湖南,Area-balanced,annulus,1e-06,0.5804597701149425,0.8347107438016529,0.6847457627118645,242,348,202,40,146,0.5934783434484006
湖南,Area-balanced,annulus,5e-06,0.5804597701149425,0.8347107438016529,0.6847457627118645,242,348,202,40,146,0.5934783434484006
湖南,Area-balanced,annulus,2e-05,0.5804597701149425,0.8347107438016529,0.6847457627118645,242,348,202,40,146,0.5934783434484006
湖南,Area-balanced,annulus,0.0001,0.5804597701149425,0.8347107438016529,0.6847457627118645,242,348,202,40,146,0.5934783434484006
湖南,Area-balanced,annulus,0.0005,0.5804597701149425,0.8347107438016529,0.6847457627118645,242,348,202,40,146,0.5934783434484006
湖南,Regular Topology,disk,1e-06,0.4351648351648352,0.8181818181818182,0.5681492109038738,242,455,198,44,257,0.4564745564413022
湖南,Regular Topology,disk,5e-06,0.4351648351648352,0.8181818181818182,0.5681492109038738,242,455,198,44,257,0.4564745564413022
湖南,Regular Topology,disk,2e-05,0.4351648351648352,0.8181818181818182,0.5681492109038738,242,455,198,44,257,0.4564745564413022
湖南,Regular Topology,disk,0.0001,0.4351648351648352,0.8181818181818182,0.5681492109038738,242,455,198,44,257,0.4564745564413022
湖南,Regular Topology,disk,0.0005,0.4351648351648352,0.8181818181818182,0.5681492109038738,242,455,198,44,257,0.4564745564413022
湖南,Regular Topology,annulus,1e-06,0.5071225071225072,0.7355371900826446,0.6003372681281619,242,351,178,64,173,0.48915729885754144
湖南,Regular Topology,annulus,5e-06,0.5071225071225072,0.7355371900826446,0.6003372681281619,242,351,178,64,173,0.48915729885754144
湖南,Regular Topology,annulus,2e-05,0.5071225071225072,0.7355371900826446,0.6003372681281619,242,351,178,64,173,0.48915729885754144
湖南,Regular Topology,annulus,0.0001,0.5071225071225072,0.7355371900826446,0.6003372681281619,242,351,178,64,173,0.48915729885754144
湖南,Regular Topology,annulus,0.0005,0.5071225071225072,0.7355371900826446,0.6003372681281619,242,351,178,64,173,0.48915729885754144
湖南,GeoDisk,disk,1e-06,0.5308310991957105,0.8181818181818182,0.6439024390243903,242,373,198,44,175,0.5589203613203685
湖南,GeoDisk,disk,5e-06,0.5308310991957105,0.8181818181818182,0.6439024390243903,242,373,198,44,175,0.5589203613203685
湖南,GeoDisk,disk,2e-05,0.5308310991957105,0.8181818181818182,0.6439024390243903,242,373,198,44,175,0.5589203613203685
湖南,GeoDisk,disk,0.0001,0.5308310991957105,0.8181818181818182,0.6439024390243903,242,373,198,44,175,0.5589203613203685
湖南,GeoDisk,disk,0.0005,0.5335120643431636,0.8223140495867769,0.6471544715447154,242,373,199,43,174,0.5623397032904498
湖南,GeoAnnulus,annulus,1e-06,0.5441176470588235,0.7644628099173554,0.6357388316151202,242,340,185,57,155,0.550706937930108
湖南,GeoAnnulus,annulus,5e-06,0.5441176470588235,0.7644628099173554,0.6357388316151202,242,340,185,57,155,0.550706937930108
湖南,GeoAnnulus,annulus,2e-05,0.5441176470588235,0.7644628099173554,0.6357388316151202,242,340,185,57,155,0.550706937930108
湖南,GeoAnnulus,annulus,0.0001,0.5441176470588235,0.7644628099173554,0.6357388316151202,242,340,185,57,155,0.550706937930108
湖南,GeoAnnulus,annulus,0.0005,0.5441176470588235,0.7644628099173554,0.6357388316151202,242,340,185,57,155,0.550706937930108
湖南,GeoDisk-Final,disk,1e-06,0.6584699453551912,0.9958677685950413,0.7927631578947367,242,366,241,1,125,0.6592319911826815
湖南,GeoDisk-Final,disk,5e-06,0.6584699453551912,0.9958677685950413,0.7927631578947367,242,366,241,1,125,0.6592319911826815
湖南,GeoDisk-Final,disk,2e-05,0.6584699453551912,0.9958677685950413,0.7927631578947367,242,366,241,1,125,0.6592319911826815
湖南,GeoDisk-Final,disk,0.0001,0.6584699453551912,0.9958677685950413,0.7927631578947367,242,366,241,1,125,0.6592319911826815
湖南,GeoDisk-Final,disk,0.0005,0.6584699453551912,0.9958677685950413,0.7927631578947367,242,366,241,1,125,0.6592319911826815
湖南,GeoAnnulus-Final,annulus,1e-06,0.6491228070175439,0.9173553719008265,0.7602739726027398,242,342,222,20,120,0.6511536841851411
湖南,GeoAnnulus-Final,annulus,5e-06,0.6491228070175439,0.9173553719008265,0.7602739726027398,242,342,222,20,120,0.6511536841851411
湖南,GeoAnnulus-Final,annulus,2e-05,0.6491228070175439,0.9173553719008265,0.7602739726027398,242,342,222,20,120,0.6511536841851411
湖南,GeoAnnulus-Final,annulus,0.0001,0.6491228070175439,0.9173553719008265,0.7602739726027398,242,342,222,20,120,0.6511536841851411
湖南,GeoAnnulus-Final,annulus,0.0005,0.6510263929618768,0.9173553719008265,0.7615780445969124,242,341,222,20,119,0.6535399453870222
江西,Direct Polar,disk,1e-06,0.6696428571428571,0.7978723404255319,0.7281553398058253,188,224,150,38,74,0.5522535020621737
江西,Direct Polar,disk,5e-06,0.7094339622641509,1.0,0.8300220750551877,188,265,188,0,77,0.7179508571923432
江西,Direct Polar,disk,2e-05,0.7768595041322314,1.0,0.8744186046511627,188,242,188,0,54,0.7856043915174872
江西,Direct Polar,disk,0.0001,0.8209606986899564,1.0,0.9016786570743405,188,229,188,0,41,0.832104014731832
江西,Direct Polar,disk,0.0005,0.8173913043478261,1.0,0.8995215311004785,188,230,188,0,42,0.826418928789737
江西,Direct Polar,annulus,1e-06,0.6556016597510373,0.8404255319148937,0.7365967365967367,188,241,158,30,83,0.5843193771465522
江西,Direct Polar,annulus,5e-06,0.6702508960573477,0.9946808510638298,0.8008565310492505,188,279,187,1,92,0.6897640244863271
江西,Direct Polar,annulus,2e-05,0.704119850187266,1.0,0.8263736263736264,188,267,188,0,79,0.7301873055573036
江西,Direct Polar,annulus,0.0001,0.7094339622641509,1.0,0.8300220750551877,188,265,188,0,77,0.7365355857279559
江西,Direct Polar,annulus,0.0005,0.7121212121212122,1.0,0.8318584070796461,188,264,188,0,76,0.739732590299342
江西,Harmonic,disk,1e-06,0.6436363636363637,0.9414893617021277,0.7645788336933046,188,275,177,11,98,0.6541365123414602
江西,Harmonic,disk,5e-06,0.6436363636363637,0.9414893617021277,0.7645788336933046,188,275,177,11,98,0.6541365123414602
江西,Harmonic,disk,2e-05,0.6436363636363637,0.9414893617021277,0.7645788336933046,188,275,177,11,98,0.6541365123414602
江西,Harmonic,disk,0.0001,0.6436363636363637,0.9414893617021277,0.7645788336933046,188,275,177,11,98,0.6541365123414602
江西,Harmonic,disk,0.0005,0.6436363636363637,0.9414893617021277,0.7645788336933046,188,275,177,11,98,0.6541365123414602
江西,Harmonic,annulus,1e-06,0.6168582375478927,0.8563829787234043,0.7171492204899778,188,261,161,27,100,0.6193605544809245
江西,Harmonic,annulus,5e-06,0.6168582375478927,0.8563829787234043,0.7171492204899778,188,261,161,27,100,0.6193605544809245
江西,Harmonic,annulus,2e-05,0.6168582375478927,0.8563829787234043,0.7171492204899778,188,261,161,27,100,0.6193605544809245
江西,Harmonic,annulus,0.0001,0.6168582375478927,0.8563829787234043,0.7171492204899778,188,261,161,27,100,0.6193605544809245
江西,Harmonic,annulus,0.0005,0.6168582375478927,0.8563829787234043,0.7171492204899778,188,261,161,27,100,0.6193605544809245
江西,Area-balanced,disk,1e-06,0.6293706293706294,0.9574468085106383,0.759493670886076,188,286,180,8,106,0.6314568654256799
江西,Area-balanced,disk,5e-06,0.6293706293706294,0.9574468085106383,0.759493670886076,188,286,180,8,106,0.6314568654256799
江西,Area-balanced,disk,2e-05,0.6293706293706294,0.9574468085106383,0.759493670886076,188,286,180,8,106,0.6314568654256799
江西,Area-balanced,disk,0.0001,0.6293706293706294,0.9574468085106383,0.759493670886076,188,286,180,8,106,0.6314568654256799
江西,Area-balanced,disk,0.0005,0.6293706293706294,0.9574468085106383,0.759493670886076,188,286,180,8,106,0.6314568654256799
江西,Area-balanced,annulus,1e-06,0.5767790262172284,0.8191489361702128,0.676923076923077,188,267,154,34,113,0.6067188713893092
江西,Area-balanced,annulus,5e-06,0.5767790262172284,0.8191489361702128,0.676923076923077,188,267,154,34,113,0.6067188713893092
江西,Area-balanced,annulus,2e-05,0.5767790262172284,0.8191489361702128,0.676923076923077,188,267,154,34,113,0.6067188713893092
江西,Area-balanced,annulus,0.0001,0.5767790262172284,0.8191489361702128,0.676923076923077,188,267,154,34,113,0.6067188713893092
江西,Area-balanced,annulus,0.0005,0.5789473684210527,0.8191489361702128,0.6784140969162997,188,266,154,34,112,0.6102526680855578
江西,Regular Topology,disk,1e-06,0.4051724137931034,0.75,0.5261194029850746,188,348,141,47,207,0.4349673420192829
江西,Regular Topology,disk,5e-06,0.4051724137931034,0.75,0.5261194029850746,188,348,141,47,207,0.4349673420192829
江西,Regular Topology,disk,2e-05,0.4051724137931034,0.75,0.5261194029850746,188,348,141,47,207,0.4349673420192829
江西,Regular Topology,disk,0.0001,0.4051724137931034,0.75,0.5261194029850746,188,348,141,47,207,0.4349673420192829
江西,Regular Topology,disk,0.0005,0.4051724137931034,0.75,0.5261194029850746,188,348,141,47,207,0.4349673420192829
江西,Regular Topology,annulus,1e-06,0.46886446886446886,0.6808510638297872,0.5553145336225597,188,273,128,60,145,0.4621996563350855
江西,Regular Topology,annulus,5e-06,0.46886446886446886,0.6808510638297872,0.5553145336225597,188,273,128,60,145,0.4621996563350855
江西,Regular Topology,annulus,2e-05,0.46886446886446886,0.6808510638297872,0.5553145336225597,188,273,128,60,145,0.4621996563350855
江西,Regular Topology,annulus,0.0001,0.46886446886446886,0.6808510638297872,0.5553145336225597,188,273,128,60,145,0.4621996563350855
江西,Regular Topology,annulus,0.0005,0.46886446886446886,0.6808510638297872,0.5553145336225597,188,273,128,60,145,0.4621996563350855
江西,GeoDisk,disk,1e-06,0.5454545454545454,0.8297872340425532,0.6582278481012658,188,286,156,32,130,0.5674903102222536
江西,GeoDisk,disk,5e-06,0.5454545454545454,0.8297872340425532,0.6582278481012658,188,286,156,32,130,0.5674903102222536
江西,GeoDisk,disk,2e-05,0.5454545454545454,0.8297872340425532,0.6582278481012658,188,286,156,32,130,0.5674903102222536
江西,GeoDisk,disk,0.0001,0.5454545454545454,0.8297872340425532,0.6582278481012658,188,286,156,32,130,0.5674903102222536
江西,GeoDisk,disk,0.0005,0.5454545454545454,0.8297872340425532,0.6582278481012658,188,286,156,32,130,0.5674903102222536
江西,GeoAnnulus,annulus,1e-06,0.55,0.7606382978723404,0.6383928571428571,188,260,143,45,117,0.5661421930273286
江西,GeoAnnulus,annulus,5e-06,0.55,0.7606382978723404,0.6383928571428571,188,260,143,45,117,0.5661421930273286
江西,GeoAnnulus,annulus,2e-05,0.55,0.7606382978723404,0.6383928571428571,188,260,143,45,117,0.5661421930273286
江西,GeoAnnulus,annulus,0.0001,0.55,0.7606382978723404,0.6383928571428571,188,260,143,45,117,0.5661421930273286
江西,GeoAnnulus,annulus,0.0005,0.55,0.7606382978723404,0.6383928571428571,188,260,143,45,117,0.5661421930273286
江西,GeoDisk-Final,disk,1e-06,0.6619718309859155,1.0,0.7966101694915254,188,284,188,0,96,0.6708418718003222
江西,GeoDisk-Final,disk,5e-06,0.6619718309859155,1.0,0.7966101694915254,188,284,188,0,96,0.6708418718003222
江西,GeoDisk-Final,disk,2e-05,0.6619718309859155,1.0,0.7966101694915254,188,284,188,0,96,0.6708418718003222
江西,GeoDisk-Final,disk,0.0001,0.6619718309859155,1.0,0.7966101694915254,188,284,188,0,96,0.6708418718003222
江西,GeoDisk-Final,disk,0.0005,0.6619718309859155,1.0,0.7966101694915254,188,284,188,0,96,0.6708418718003222
江西,GeoAnnulus-Final,annulus,1e-06,0.6518518518518519,0.9361702127659575,0.7685589519650656,188,270,176,12,94,0.661353850626803
江西,GeoAnnulus-Final,annulus,5e-06,0.6518518518518519,0.9361702127659575,0.7685589519650656,188,270,176,12,94,0.661353850626803
江西,GeoAnnulus-Final,annulus,2e-05,0.6518518518518519,0.9361702127659575,0.7685589519650656,188,270,176,12,94,0.661353850626803
江西,GeoAnnulus-Final,annulus,0.0001,0.6518518518518519,0.9361702127659575,0.7685589519650656,188,270,176,12,94,0.661353850626803
江西,GeoAnnulus-Final,annulus,0.0005,0.6518518518518519,0.9361702127659575,0.7685589519650656,188,270,176,12,94,0.661353850626803
广东,Direct Polar,disk,1e-06,0.6768558951965066,0.856353591160221,0.7560975609756098,181,229,155,26,74,0.6036021319915799
广东,Direct Polar,disk,5e-06,0.7098039215686275,1.0,0.8302752293577982,181,255,181,0,74,0.7156975072889246
广东,Direct Polar,disk,2e-05,0.7637130801687764,1.0,0.8660287081339713,181,237,181,0,56,0.7679044539338656
广东,Direct Polar,disk,0.0001,0.7801724137931034,1.0,0.8765133171912832,181,232,181,0,51,0.7888306236549701
广东,Direct Polar,disk,0.0005,0.776824034334764,1.0,0.8743961352657006,181,233,181,0,52,0.784654505201891
广东,Direct Polar,annulus,1e-06,0.6639344262295082,0.8950276243093923,0.7623529411764707,181,244,162,19,82,0.629369258415526
广东,Direct Polar,annulus,5e-06,0.6605839416058394,1.0,0.7956043956043957,181,274,181,0,93,0.6722198615527218
广东,Direct Polar,annulus,2e-05,0.6988416988416989,1.0,0.8227272727272728,181,259,181,0,78,0.7136013219873298
广东,Direct Polar,annulus,0.0001,0.6988416988416989,1.0,0.8227272727272728,181,259,181,0,78,0.714349185235193
广东,Direct Polar,annulus,0.0005,0.6988416988416989,1.0,0.8227272727272728,181,259,181,0,78,0.714349185235193
广东,Harmonic,disk,1e-06,0.46037735849056605,0.6740331491712708,0.547085201793722,181,265,122,59,143,0.457609921936118
广东,Harmonic,disk,5e-06,0.46037735849056605,0.6740331491712708,0.547085201793722,181,265,122,59,143,0.457609921936118
广东,Harmonic,disk,2e-05,0.46037735849056605,0.6740331491712708,0.547085201793722,181,265,122,59,143,0.457609921936118
广东,Harmonic,disk,0.0001,0.46037735849056605,0.6740331491712708,0.547085201793722,181,265,122,59,143,0.457609921936118
广东,Harmonic,disk,0.0005,0.46037735849056605,0.6740331491712708,0.547085201793722,181,265,122,59,143,0.457609921936118
广东,Harmonic,annulus,1e-06,0.4785992217898833,0.6795580110497238,0.5616438356164384,181,257,123,58,134,0.465050549028407
广东,Harmonic,annulus,5e-06,0.4785992217898833,0.6795580110497238,0.5616438356164384,181,257,123,58,134,0.465050549028407
广东,Harmonic,annulus,2e-05,0.4785992217898833,0.6795580110497238,0.5616438356164384,181,257,123,58,134,0.465050549028407
广东,Harmonic,annulus,0.0001,0.4785992217898833,0.6795580110497238,0.5616438356164384,181,257,123,58,134,0.465050549028407
广东,Harmonic,annulus,0.0005,0.4785992217898833,0.6795580110497238,0.5616438356164384,181,257,123,58,134,0.465050549028407
广东,Area-balanced,disk,1e-06,0.5551724137931034,0.8895027624309392,0.6836518046709129,181,290,161,20,129,0.5546092960604503
广东,Area-balanced,disk,5e-06,0.5551724137931034,0.8895027624309392,0.6836518046709129,181,290,161,20,129,0.5546092960604503
广东,Area-balanced,disk,2e-05,0.5551724137931034,0.8895027624309392,0.6836518046709129,181,290,161,20,129,0.5546092960604503
广东,Area-balanced,disk,0.0001,0.5551724137931034,0.8895027624309392,0.6836518046709129,181,290,161,20,129,0.5546092960604503
广东,Area-balanced,disk,0.0005,0.5551724137931034,0.8895027624309392,0.6836518046709129,181,290,161,20,129,0.5546092960604503
广东,Area-balanced,annulus,1e-06,0.48014440433212996,0.7348066298342542,0.5807860262008734,181,277,133,48,144,0.5015127716690474
广东,Area-balanced,annulus,5e-06,0.48014440433212996,0.7348066298342542,0.5807860262008734,181,277,133,48,144,0.5015127716690474
广东,Area-balanced,annulus,2e-05,0.48014440433212996,0.7348066298342542,0.5807860262008734,181,277,133,48,144,0.5015127716690474
广东,Area-balanced,annulus,0.0001,0.48014440433212996,0.7348066298342542,0.5807860262008734,181,277,133,48,144,0.5015127716690474
广东,Area-balanced,annulus,0.0005,0.48014440433212996,0.7348066298342542,0.5807860262008734,181,277,133,48,144,0.5015127716690474
广东,Regular Topology,disk,1e-06,0.4114285714285714,0.7955801104972375,0.5423728813559322,181,350,144,37,206,0.4286038456387487
广东,Regular Topology,disk,5e-06,0.4114285714285714,0.7955801104972375,0.5423728813559322,181,350,144,37,206,0.4286038456387487
广东,Regular Topology,disk,2e-05,0.4114285714285714,0.7955801104972375,0.5423728813559322,181,350,144,37,206,0.4286038456387487
广东,Regular Topology,disk,0.0001,0.4114285714285714,0.7955801104972375,0.5423728813559322,181,350,144,37,206,0.4286038456387487
广东,Regular Topology,disk,0.0005,0.4114285714285714,0.7955801104972375,0.5423728813559322,181,350,144,37,206,0.4286038456387487
广东,Regular Topology,annulus,1e-06,0.47101449275362317,0.7182320441988951,0.5689277899343546,181,276,130,51,146,0.4519382114432854
广东,Regular Topology,annulus,5e-06,0.47101449275362317,0.7182320441988951,0.5689277899343546,181,276,130,51,146,0.4519382114432854
广东,Regular Topology,annulus,2e-05,0.47101449275362317,0.7182320441988951,0.5689277899343546,181,276,130,51,146,0.4519382114432854
广东,Regular Topology,annulus,0.0001,0.47101449275362317,0.7182320441988951,0.5689277899343546,181,276,130,51,146,0.4519382114432854
广东,Regular Topology,annulus,0.0005,0.47101449275362317,0.7182320441988951,0.5689277899343546,181,276,130,51,146,0.4519382114432854
广东,GeoDisk,disk,1e-06,0.49491525423728816,0.8066298342541437,0.6134453781512604,181,295,146,35,149,0.49245797901512667
广东,GeoDisk,disk,5e-06,0.49491525423728816,0.8066298342541437,0.6134453781512604,181,295,146,35,149,0.49245797901512667
广东,GeoDisk,disk,2e-05,0.49491525423728816,0.8066298342541437,0.6134453781512604,181,295,146,35,149,0.49245797901512667
广东,GeoDisk,disk,0.0001,0.49491525423728816,0.8066298342541437,0.6134453781512604,181,295,146,35,149,0.49245797901512667
广东,GeoDisk,disk,0.0005,0.49324324324324326,0.8066298342541437,0.6121593291404612,181,296,146,35,150,0.4914401388306198
广东,GeoAnnulus,annulus,1e-06,0.49814126394052044,0.7403314917127072,0.5955555555555555,181,269,134,47,135,0.48907359097272685
广东,GeoAnnulus,annulus,5e-06,0.49814126394052044,0.7403314917127072,0.5955555555555555,181,269,134,47,135,0.48907359097272685
广东,GeoAnnulus,annulus,2e-05,0.49814126394052044,0.7403314917127072,0.5955555555555555,181,269,134,47,135,0.48907359097272685
广东,GeoAnnulus,annulus,0.0001,0.49814126394052044,0.7403314917127072,0.5955555555555555,181,269,134,47,135,0.48907359097272685
广东,GeoAnnulus,annulus,0.0005,0.49814126394052044,0.7403314917127072,0.5955555555555555,181,269,134,47,135,0.48907359097272685
广东,GeoDisk-Final,disk,1e-06,0.6137931034482759,0.9834254143646409,0.7558386411889597,181,290,178,3,112,0.6015622665612943
广东,GeoDisk-Final,disk,5e-06,0.6137931034482759,0.9834254143646409,0.7558386411889597,181,290,178,3,112,0.6015622665612943
广东,GeoDisk-Final,disk,2e-05,0.6137931034482759,0.9834254143646409,0.7558386411889597,181,290,178,3,112,0.6015622665612943
广东,GeoDisk-Final,disk,0.0001,0.6137931034482759,0.9834254143646409,0.7558386411889597,181,290,178,3,112,0.6015622665612943
广东,GeoDisk-Final,disk,0.0005,0.6137931034482759,0.9834254143646409,0.7558386411889597,181,290,178,3,112,0.6015622665612943
广东,GeoAnnulus-Final,annulus,1e-06,0.568904593639576,0.8895027624309392,0.6939655172413793,181,283,161,20,122,0.5705548936166841
广东,GeoAnnulus-Final,annulus,5e-06,0.568904593639576,0.8895027624309392,0.6939655172413793,181,283,161,20,122,0.5705548936166841
广东,GeoAnnulus-Final,annulus,2e-05,0.568904593639576,0.8895027624309392,0.6939655172413793,181,283,161,20,122,0.5705548936166841
广东,GeoAnnulus-Final,annulus,0.0001,0.568904593639576,0.8895027624309392,0.6939655172413793,181,283,161,20,122,0.5705548936166841
广东,GeoAnnulus-Final,annulus,0.0005,0.5669014084507042,0.8895027624309392,0.6924731182795698,181,284,161,20,123,0.5716865808594824
福建,Direct Polar,disk,1e-06,0.7,0.784,0.7396226415094339,125,140,98,27,42,0.5378513996161056
福建,Direct Polar,disk,5e-06,0.7352941176470589,1.0,0.8474576271186441,125,170,125,0,45,0.7545612920999918
福建,Direct Polar,disk,2e-05,0.7716049382716049,1.0,0.8710801393728224,125,162,125,0,37,0.7753229435311478
福建,Direct Polar,disk,0.0001,0.7911392405063291,1.0,0.8833922261484098,125,158,125,0,33,0.8052821813851226
福建,Direct Polar,disk,0.0005,0.7861635220125787,1.0,0.8802816901408451,125,159,125,0,34,0.7941798739592857
福建,Direct Polar,annulus,1e-06,0.6821192052980133,0.824,0.7463768115942029,125,151,103,22,48,0.5908906927869776
福建,Direct Polar,annulus,5e-06,0.6906077348066298,1.0,0.8169934640522877,125,181,125,0,56,0.7113173354751966
福建,Direct Polar,annulus,2e-05,0.6906077348066298,1.0,0.8169934640522877,125,181,125,0,56,0.7178546179219217
福建,Direct Polar,annulus,0.0001,0.702247191011236,1.0,0.8250825082508251,125,178,125,0,53,0.7302259265688059
福建,Direct Polar,annulus,0.0005,0.702247191011236,1.0,0.8250825082508251,125,178,125,0,53,0.7302259265688059
福建,Harmonic,disk,1e-06,0.6329787234042553,0.952,0.7603833865814698,125,188,119,6,69,0.6493921591638311
福建,Harmonic,disk,5e-06,0.6329787234042553,0.952,0.7603833865814698,125,188,119,6,69,0.6493921591638311
福建,Harmonic,disk,2e-05,0.6329787234042553,0.952,0.7603833865814698,125,188,119,6,69,0.6493921591638311
福建,Harmonic,disk,0.0001,0.6329787234042553,0.952,0.7603833865814698,125,188,119,6,69,0.6493921591638311
福建,Harmonic,disk,0.0005,0.6363636363636364,0.952,0.7628205128205129,125,187,119,6,68,0.652444346948991
福建,Harmonic,annulus,1e-06,0.615819209039548,0.872,0.7218543046357616,125,177,109,16,68,0.626546128635912
福建,Harmonic,annulus,5e-06,0.615819209039548,0.872,0.7218543046357616,125,177,109,16,68,0.626546128635912
福建,Harmonic,annulus,2e-05,0.615819209039548,0.872,0.7218543046357616,125,177,109,16,68,0.626546128635912
福建,Harmonic,annulus,0.0001,0.615819209039548,0.872,0.7218543046357616,125,177,109,16,68,0.626546128635912
福建,Harmonic,annulus,0.0005,0.615819209039548,0.872,0.7218543046357616,125,177,109,16,68,0.626546128635912
福建,Area-balanced,disk,1e-06,0.6335078534031413,0.968,0.7658227848101266,125,191,121,4,70,0.6319253104276324
福建,Area-balanced,disk,5e-06,0.6335078534031413,0.968,0.7658227848101266,125,191,121,4,70,0.6319253104276324
福建,Area-balanced,disk,2e-05,0.6335078534031413,0.968,0.7658227848101266,125,191,121,4,70,0.6319253104276324
福建,Area-balanced,disk,0.0001,0.6335078534031413,0.968,0.7658227848101266,125,191,121,4,70,0.6319253104276324
福建,Area-balanced,disk,0.0005,0.6368421052631579,0.968,0.7682539682539683,125,190,121,4,69,0.6353058311262645
福建,Area-balanced,annulus,1e-06,0.5625,0.792,0.6578073089700996,125,176,99,26,77,0.5901363042423414
福建,Area-balanced,annulus,5e-06,0.5625,0.792,0.6578073089700996,125,176,99,26,77,0.5901363042423414
福建,Area-balanced,annulus,2e-05,0.5625,0.792,0.6578073089700996,125,176,99,26,77,0.5901363042423414
福建,Area-balanced,annulus,0.0001,0.5625,0.792,0.6578073089700996,125,176,99,26,77,0.5901363042423414
福建,Area-balanced,annulus,0.0005,0.5625,0.792,0.6578073089700996,125,176,99,26,77,0.5901363042423414
福建,Regular Topology,disk,1e-06,0.48372093023255813,0.832,0.6117647058823529,125,215,104,21,111,0.46804228788328267
福建,Regular Topology,disk,5e-06,0.48372093023255813,0.832,0.6117647058823529,125,215,104,21,111,0.46804228788328267
福建,Regular Topology,disk,2e-05,0.48372093023255813,0.832,0.6117647058823529,125,215,104,21,111,0.46804228788328267
福建,Regular Topology,disk,0.0001,0.48372093023255813,0.832,0.6117647058823529,125,215,104,21,111,0.46804228788328267
福建,Regular Topology,disk,0.0005,0.48372093023255813,0.832,0.6117647058823529,125,215,104,21,111,0.46804228788328267
福建,Regular Topology,annulus,1e-06,0.526595744680851,0.792,0.6325878594249202,125,188,99,26,89,0.5016924128673692
福建,Regular Topology,annulus,5e-06,0.526595744680851,0.792,0.6325878594249202,125,188,99,26,89,0.5016924128673692
福建,Regular Topology,annulus,2e-05,0.526595744680851,0.792,0.6325878594249202,125,188,99,26,89,0.5016924128673692
福建,Regular Topology,annulus,0.0001,0.526595744680851,0.792,0.6325878594249202,125,188,99,26,89,0.5016924128673692
福建,Regular Topology,annulus,0.0005,0.526595744680851,0.792,0.6325878594249202,125,188,99,26,89,0.5016924128673692
福建,GeoDisk,disk,1e-06,0.5968586387434555,0.912,0.7215189873417721,125,191,114,11,77,0.5967289643261198
福建,GeoDisk,disk,5e-06,0.5968586387434555,0.912,0.7215189873417721,125,191,114,11,77,0.5967289643261198
福建,GeoDisk,disk,2e-05,0.5968586387434555,0.912,0.7215189873417721,125,191,114,11,77,0.5967289643261198
福建,GeoDisk,disk,0.0001,0.5968586387434555,0.912,0.7215189873417721,125,191,114,11,77,0.5967289643261198
福建,GeoDisk,disk,0.0005,0.5968586387434555,0.912,0.7215189873417721,125,191,114,11,77,0.5967289643261198
福建,GeoAnnulus,annulus,1e-06,0.5689655172413793,0.792,0.6622073578595318,125,174,99,26,75,0.6128595258626218
福建,GeoAnnulus,annulus,5e-06,0.5689655172413793,0.792,0.6622073578595318,125,174,99,26,75,0.6128595258626218
福建,GeoAnnulus,annulus,2e-05,0.5689655172413793,0.792,0.6622073578595318,125,174,99,26,75,0.6128595258626218
福建,GeoAnnulus,annulus,0.0001,0.5689655172413793,0.792,0.6622073578595318,125,174,99,26,75,0.6128595258626218
福建,GeoAnnulus,annulus,0.0005,0.5689655172413793,0.792,0.6622073578595318,125,174,99,26,75,0.6128595258626218
福建,GeoDisk-Final,disk,1e-06,0.6578947368421053,1.0,0.7936507936507937,125,190,125,0,65,0.6628024091259387
福建,GeoDisk-Final,disk,5e-06,0.6578947368421053,1.0,0.7936507936507937,125,190,125,0,65,0.6628024091259387
福建,GeoDisk-Final,disk,2e-05,0.6578947368421053,1.0,0.7936507936507937,125,190,125,0,65,0.6628024091259387
福建,GeoDisk-Final,disk,0.0001,0.6578947368421053,1.0,0.7936507936507937,125,190,125,0,65,0.6628024091259387
福建,GeoDisk-Final,disk,0.0005,0.6578947368421053,1.0,0.7936507936507937,125,190,125,0,65,0.6628024091259387
福建,GeoAnnulus-Final,annulus,1e-06,0.6647398843930635,0.92,0.7718120805369127,125,173,115,10,58,0.6841557268027857
福建,GeoAnnulus-Final,annulus,5e-06,0.6647398843930635,0.92,0.7718120805369127,125,173,115,10,58,0.6841557268027857
福建,GeoAnnulus-Final,annulus,2e-05,0.6647398843930635,0.92,0.7718120805369127,125,173,115,10,58,0.6841557268027857
福建,GeoAnnulus-Final,annulus,0.0001,0.6647398843930635,0.92,0.7718120805369127,125,173,115,10,58,0.6841557268027857
福建,GeoAnnulus-Final,annulus,0.0005,0.6647398843930635,0.92,0.7718120805369127,125,173,115,10,58,0.6841557268027857
广西,Direct Polar,disk,1e-06,0.7106109324758842,0.8911290322580645,0.7906976744186046,248,311,221,27,90,0.6438062033050695
广西,Direct Polar,disk,5e-06,0.7492447129909365,1.0,0.8566493955094991,248,331,248,0,83,0.7531260669143306
广西,Direct Polar,disk,2e-05,0.775,1.0,0.8732394366197184,248,320,248,0,72,0.7765893787252202
广西,Direct Polar,disk,0.0001,0.7848101265822784,1.0,0.8794326241134751,248,316,248,0,68,0.7904427932155443
广西,Direct Polar,disk,0.0005,0.7823343848580442,1.0,0.8778761061946903,248,317,248,0,69,0.788039279855113
广西,Direct Polar,annulus,1e-06,0.6686217008797654,0.9193548387096774,0.7741935483870968,248,341,228,20,113,0.6383401577733981
广西,Direct Polar,annulus,5e-06,0.6918767507002801,0.9959677419354839,0.8165289256198348,248,357,247,1,110,0.7009596069831321
广西,Direct Polar,annulus,2e-05,0.6938202247191011,0.9959677419354839,0.8178807947019868,248,356,247,1,109,0.7082875980011113
广西,Direct Polar,annulus,0.0001,0.6880222841225627,0.9959677419354839,0.813838550247117,248,359,247,1,112,0.7028547190647112
广西,Direct Polar,annulus,0.0005,0.6880222841225627,0.9959677419354839,0.813838550247117,248,359,247,1,112,0.7028547190647112
广西,Harmonic,disk,1e-06,0.6370967741935484,0.9556451612903226,0.7645161290322581,248,372,237,11,135,0.6393408410716984
广西,Harmonic,disk,5e-06,0.6370967741935484,0.9556451612903226,0.7645161290322581,248,372,237,11,135,0.6393408410716984
广西,Harmonic,disk,2e-05,0.6370967741935484,0.9556451612903226,0.7645161290322581,248,372,237,11,135,0.6393408410716984
广西,Harmonic,disk,0.0001,0.6370967741935484,0.9556451612903226,0.7645161290322581,248,372,237,11,135,0.6393408410716984
广西,Harmonic,disk,0.0005,0.6370967741935484,0.9556451612903226,0.7645161290322581,248,372,237,11,135,0.6393408410716984
广西,Harmonic,annulus,1e-06,0.6096866096866097,0.8629032258064516,0.7145242070116861,248,351,214,34,137,0.6020327614450451
广西,Harmonic,annulus,5e-06,0.6096866096866097,0.8629032258064516,0.7145242070116861,248,351,214,34,137,0.6020327614450451
广西,Harmonic,annulus,2e-05,0.6096866096866097,0.8629032258064516,0.7145242070116861,248,351,214,34,137,0.6020327614450451
广西,Harmonic,annulus,0.0001,0.6096866096866097,0.8629032258064516,0.7145242070116861,248,351,214,34,137,0.6020327614450451
广西,Harmonic,annulus,0.0005,0.6096866096866097,0.8629032258064516,0.7145242070116861,248,351,214,34,137,0.6020327614450451
广西,Area-balanced,disk,1e-06,0.59375,0.9193548387096774,0.7215189873417721,248,384,228,20,156,0.5915697875985784
广西,Area-balanced,disk,5e-06,0.59375,0.9193548387096774,0.7215189873417721,248,384,228,20,156,0.5915697875985784
广西,Area-balanced,disk,2e-05,0.59375,0.9193548387096774,0.7215189873417721,248,384,228,20,156,0.5915697875985784
广西,Area-balanced,disk,0.0001,0.59375,0.9193548387096774,0.7215189873417721,248,384,228,20,156,0.5915697875985784
广西,Area-balanced,disk,0.0005,0.59375,0.9193548387096774,0.7215189873417721,248,384,228,20,156,0.5915697875985784
广西,Area-balanced,annulus,1e-06,0.5482093663911846,0.8024193548387096,0.6513911620294599,248,363,199,49,164,0.5663697309330785
广西,Area-balanced,annulus,5e-06,0.5482093663911846,0.8024193548387096,0.6513911620294599,248,363,199,49,164,0.5663697309330785
广西,Area-balanced,annulus,2e-05,0.5482093663911846,0.8024193548387096,0.6513911620294599,248,363,199,49,164,0.5663697309330785
广西,Area-balanced,annulus,0.0001,0.5482093663911846,0.8024193548387096,0.6513911620294599,248,363,199,49,164,0.5663697309330785
广西,Area-balanced,annulus,0.0005,0.5482093663911846,0.8024193548387096,0.6513911620294599,248,363,199,49,164,0.5663697309330785
广西,Regular Topology,disk,1e-06,0.4121338912133891,0.7943548387096774,0.5426997245179064,248,478,197,51,281,0.4235666641855429
广西,Regular Topology,disk,5e-06,0.4121338912133891,0.7943548387096774,0.5426997245179064,248,478,197,51,281,0.4235666641855429
广西,Regular Topology,disk,2e-05,0.4121338912133891,0.7943548387096774,0.5426997245179064,248,478,197,51,281,0.4235666641855429
广西,Regular Topology,disk,0.0001,0.4121338912133891,0.7943548387096774,0.5426997245179064,248,478,197,51,281,0.4235666641855429
广西,Regular Topology,disk,0.0005,0.4121338912133891,0.7943548387096774,0.5426997245179064,248,478,197,51,281,0.4235666641855429
广西,Regular Topology,annulus,1e-06,0.489010989010989,0.717741935483871,0.5816993464052287,248,364,178,70,186,0.4576170203182659
广西,Regular Topology,annulus,5e-06,0.489010989010989,0.717741935483871,0.5816993464052287,248,364,178,70,186,0.4576170203182659
广西,Regular Topology,annulus,2e-05,0.489010989010989,0.717741935483871,0.5816993464052287,248,364,178,70,186,0.4576170203182659
广西,Regular Topology,annulus,0.0001,0.489010989010989,0.717741935483871,0.5816993464052287,248,364,178,70,186,0.4576170203182659
广西,Regular Topology,annulus,0.0005,0.489010989010989,0.717741935483871,0.5816993464052287,248,364,178,70,186,0.4576170203182659
广西,GeoDisk,disk,1e-06,0.5440414507772021,0.8467741935483871,0.662460567823344,248,386,210,38,176,0.5296883184476392
广西,GeoDisk,disk,5e-06,0.5440414507772021,0.8467741935483871,0.662460567823344,248,386,210,38,176,0.5296883184476392
广西,GeoDisk,disk,2e-05,0.5440414507772021,0.8467741935483871,0.662460567823344,248,386,210,38,176,0.5296883184476392
广西,GeoDisk,disk,0.0001,0.5440414507772021,0.8467741935483871,0.662460567823344,248,386,210,38,176,0.5296883184476392
广西,GeoDisk,disk,0.0005,0.5440414507772021,0.8467741935483871,0.662460567823344,248,386,210,38,176,0.5296883184476392
广西,GeoAnnulus,annulus,1e-06,0.5300859598853869,0.7459677419354839,0.6197654941373534,248,349,185,63,164,0.5274108739606056
广西,GeoAnnulus,annulus,5e-06,0.5300859598853869,0.7459677419354839,0.6197654941373534,248,349,185,63,164,0.5274108739606056
广西,GeoAnnulus,annulus,2e-05,0.5300859598853869,0.7459677419354839,0.6197654941373534,248,349,185,63,164,0.5274108739606056
广西,GeoAnnulus,annulus,0.0001,0.5300859598853869,0.7459677419354839,0.6197654941373534,248,349,185,63,164,0.5274108739606056
广西,GeoAnnulus,annulus,0.0005,0.5300859598853869,0.7459677419354839,0.6197654941373534,248,349,185,63,164,0.5274108739606056
广西,GeoDisk-Final,disk,1e-06,0.6447368421052632,0.9879032258064516,0.7802547770700636,248,380,245,3,135,0.6412952409611155
广西,GeoDisk-Final,disk,5e-06,0.6447368421052632,0.9879032258064516,0.7802547770700636,248,380,245,3,135,0.6412952409611155
广西,GeoDisk-Final,disk,2e-05,0.6447368421052632,0.9879032258064516,0.7802547770700636,248,380,245,3,135,0.6412952409611155
广西,GeoDisk-Final,disk,0.0001,0.6447368421052632,0.9879032258064516,0.7802547770700636,248,380,245,3,135,0.6412952409611155
广西,GeoDisk-Final,disk,0.0005,0.6447368421052632,0.9879032258064516,0.7802547770700636,248,380,245,3,135,0.6412952409611155
广西,GeoAnnulus-Final,annulus,1e-06,0.637883008356546,0.9233870967741935,0.7545304777594728,248,359,229,19,130,0.6436849409785506
广西,GeoAnnulus-Final,annulus,5e-06,0.637883008356546,0.9233870967741935,0.7545304777594728,248,359,229,19,130,0.6436849409785506
广西,GeoAnnulus-Final,annulus,2e-05,0.637883008356546,0.9233870967741935,0.7545304777594728,248,359,229,19,130,0.6436849409785506
广西,GeoAnnulus-Final,annulus,0.0001,0.637883008356546,0.9233870967741935,0.7545304777594728,248,359,229,19,130,0.6436849409785506
广西,GeoAnnulus-Final,annulus,0.0005,0.637883008356546,0.9233870967741935,0.7545304777594728,248,359,229,19,130,0.6436849409785506
安徽,Direct Polar,disk,1e-06,0.6616915422885572,0.83125,0.736842105263158,160,201,133,27,68,0.5535729598435191
安徽,Direct Polar,disk,5e-06,0.6751054852320675,1.0,0.8060453400503779,160,237,160,0,77,0.6698252728559425
安徽,Direct Polar,disk,2e-05,0.7079646017699115,1.0,0.8290155440414507,160,226,160,0,66,0.7035835532340466
安徽,Direct Polar,disk,0.0001,0.7272727272727273,1.0,0.8421052631578948,160,220,160,0,60,0.7224695077866032
安徽,Direct Polar,disk,0.0005,0.7339449541284404,1.0,0.8465608465608466,160,218,160,0,58,0.7311966321181685
安徽,Direct Polar,annulus,1e-06,0.6388888888888888,0.8625,0.7340425531914894,160,216,138,22,78,0.577894064329297
安徽,Direct Polar,annulus,5e-06,0.6385542168674698,0.99375,0.7775061124694377,160,249,159,1,90,0.6461055342755225
安徽,Direct Polar,annulus,2e-05,0.6896551724137931,1.0,0.8163265306122449,160,232,160,0,72,0.7050289900086728
安徽,Direct Polar,annulus,0.0001,0.6896551724137931,1.0,0.8163265306122449,160,232,160,0,72,0.7050289900086728
安徽,Direct Polar,annulus,0.0005,0.6837606837606838,1.0,0.8121827411167513,160,234,160,0,74,0.6973667819860738
安徽,Harmonic,disk,1e-06,0.6255144032921811,0.95,0.7543424317617866,160,243,152,8,91,0.6378051807243467
安徽,Harmonic,disk,5e-06,0.6255144032921811,0.95,0.7543424317617866,160,243,152,8,91,0.6378051807243467
安徽,Harmonic,disk,2e-05,0.6255144032921811,0.95,0.7543424317617866,160,243,152,8,91,0.6378051807243467
安徽,Harmonic,disk,0.0001,0.6255144032921811,0.95,0.7543424317617866,160,243,152,8,91,0.6378051807243467
安徽,Harmonic,disk,0.0005,0.6255144032921811,0.95,0.7543424317617866,160,243,152,8,91,0.6378051807243467
安徽,Harmonic,annulus,1e-06,0.5956521739130435,0.85625,0.7025641025641024,160,230,137,23,93,0.6094189470749553
安徽,Harmonic,annulus,5e-06,0.5956521739130435,0.85625,0.7025641025641024,160,230,137,23,93,0.6094189470749553
安徽,Harmonic,annulus,2e-05,0.5956521739130435,0.85625,0.7025641025641024,160,230,137,23,93,0.6094189470749553
安徽,Harmonic,annulus,0.0001,0.5956521739130435,0.85625,0.7025641025641024,160,230,137,23,93,0.6094189470749553
安徽,Harmonic,annulus,0.0005,0.5982532751091703,0.85625,0.7043701799485861,160,229,137,23,92,0.6122797197463413
安徽,Area-balanced,disk,1e-06,0.5928853754940712,0.9375,0.7263922518159807,160,253,150,10,103,0.6055695523617897
安徽,Area-balanced,disk,5e-06,0.5928853754940712,0.9375,0.7263922518159807,160,253,150,10,103,0.6055695523617897
安徽,Area-balanced,disk,2e-05,0.5928853754940712,0.9375,0.7263922518159807,160,253,150,10,103,0.6055695523617897
安徽,Area-balanced,disk,0.0001,0.5928853754940712,0.9375,0.7263922518159807,160,253,150,10,103,0.6055695523617897
安徽,Area-balanced,disk,0.0005,0.5928853754940712,0.9375,0.7263922518159807,160,253,150,10,103,0.6055695523617897
安徽,Area-balanced,annulus,1e-06,0.5508474576271186,0.8125,0.6565656565656567,160,236,130,30,106,0.5795873222924307
安徽,Area-balanced,annulus,5e-06,0.5508474576271186,0.8125,0.6565656565656567,160,236,130,30,106,0.5795873222924307
安徽,Area-balanced,annulus,2e-05,0.5508474576271186,0.8125,0.6565656565656567,160,236,130,30,106,0.5795873222924307
安徽,Area-balanced,annulus,0.0001,0.5508474576271186,0.8125,0.6565656565656567,160,236,130,30,106,0.5795873222924307
安徽,Area-balanced,annulus,0.0005,0.5508474576271186,0.8125,0.6565656565656567,160,236,130,30,106,0.5795873222924307
安徽,Regular Topology,disk,1e-06,0.41694915254237286,0.76875,0.5406593406593405,160,295,123,37,172,0.44026925659626376
安徽,Regular Topology,disk,5e-06,0.41694915254237286,0.76875,0.5406593406593405,160,295,123,37,172,0.44026925659626376
安徽,Regular Topology,disk,2e-05,0.41694915254237286,0.76875,0.5406593406593405,160,295,123,37,172,0.44026925659626376
安徽,Regular Topology,disk,0.0001,0.41694915254237286,0.76875,0.5406593406593405,160,295,123,37,172,0.44026925659626376
安徽,Regular Topology,disk,0.0005,0.41694915254237286,0.76875,0.5406593406593405,160,295,123,37,172,0.44026925659626376
安徽,Regular Topology,annulus,1e-06,0.45714285714285713,0.7,0.5530864197530864,160,245,112,48,133,0.466373072405355
安徽,Regular Topology,annulus,5e-06,0.45714285714285713,0.7,0.5530864197530864,160,245,112,48,133,0.466373072405355
安徽,Regular Topology,annulus,2e-05,0.45714285714285713,0.7,0.5530864197530864,160,245,112,48,133,0.466373072405355
安徽,Regular Topology,annulus,0.0001,0.45714285714285713,0.7,0.5530864197530864,160,245,112,48,133,0.466373072405355
安徽,Regular Topology,annulus,0.0005,0.45714285714285713,0.7,0.5530864197530864,160,245,112,48,133,0.466373072405355
安徽,GeoDisk,disk,1e-06,0.5097276264591439,0.81875,0.6282973621103116,160,257,131,29,126,0.5248159348478892
安徽,GeoDisk,disk,5e-06,0.5097276264591439,0.81875,0.6282973621103116,160,257,131,29,126,0.5248159348478892
安徽,GeoDisk,disk,2e-05,0.5097276264591439,0.81875,0.6282973621103116,160,257,131,29,126,0.5248159348478892
安徽,GeoDisk,disk,0.0001,0.5097276264591439,0.81875,0.6282973621103116,160,257,131,29,126,0.5248159348478892
安徽,GeoDisk,disk,0.0005,0.5097276264591439,0.81875,0.6282973621103116,160,257,131,29,126,0.5248159348478892
安徽,GeoAnnulus,annulus,1e-06,0.521551724137931,0.75625,0.6173469387755102,160,232,121,39,111,0.5389379511670533
安徽,GeoAnnulus,annulus,5e-06,0.521551724137931,0.75625,0.6173469387755102,160,232,121,39,111,0.5389379511670533
安徽,GeoAnnulus,annulus,2e-05,0.521551724137931,0.75625,0.6173469387755102,160,232,121,39,111,0.5389379511670533
安徽,GeoAnnulus,annulus,0.0001,0.521551724137931,0.75625,0.6173469387755102,160,232,121,39,111,0.5389379511670533
安徽,GeoAnnulus,annulus,0.0005,0.521551724137931,0.75625,0.6173469387755102,160,232,121,39,111,0.5389379511670533
安徽,GeoDisk-Final,disk,1e-06,0.6334661354581673,0.99375,0.7737226277372263,160,251,159,1,92,0.6292073427679562
安徽,GeoDisk-Final,disk,5e-06,0.6334661354581673,0.99375,0.7737226277372263,160,251,159,1,92,0.6292073427679562
安徽,GeoDisk-Final,disk,2e-05,0.6334661354581673,0.99375,0.7737226277372263,160,251,159,1,92,0.6292073427679562
安徽,GeoDisk-Final,disk,0.0001,0.6334661354581673,0.99375,0.7737226277372263,160,251,159,1,92,0.6292073427679562
安徽,GeoDisk-Final,disk,0.0005,0.6334661354581673,0.99375,0.7737226277372263,160,251,159,1,92,0.6292073427679562
安徽,GeoAnnulus-Final,annulus,1e-06,0.6536796536796536,0.94375,0.772378516624041,160,231,151,9,80,0.6515721851695634
安徽,GeoAnnulus-Final,annulus,5e-06,0.6536796536796536,0.94375,0.772378516624041,160,231,151,9,80,0.6515721851695634
安徽,GeoAnnulus-Final,annulus,2e-05,0.6536796536796536,0.94375,0.772378516624041,160,231,151,9,80,0.6515721851695634
安徽,GeoAnnulus-Final,annulus,0.0001,0.6536796536796536,0.94375,0.772378516624041,160,231,151,9,80,0.6515721851695634
安徽,GeoAnnulus-Final,annulus,0.0005,0.6536796536796536,0.94375,0.772378516624041,160,231,151,9,80,0.6515721851695634
浙江,Direct Polar,disk,1e-06,0.7207207207207207,0.7272727272727273,0.7239819004524887,110,111,80,30,31,0.5032715411787809
浙江,Direct Polar,disk,5e-06,0.7142857142857143,1.0,0.8333333333333333,110,154,110,0,44,0.7414120160488344
浙江,Direct Polar,disk,2e-05,0.8088235294117647,1.0,0.8943089430894309,110,136,110,0,26,0.8078246991821653
浙江,Direct Polar,disk,0.0001,0.8661417322834646,1.0,0.9282700421940928,110,127,110,0,17,0.8839362146149476
浙江,Direct Polar,disk,0.0005,0.88,1.0,0.9361702127659575,110,125,110,0,15,0.8993825832287372
浙江,Direct Polar,annulus,1e-06,0.6611570247933884,0.7272727272727273,0.6926406926406927,110,121,80,30,41,0.5230308919336069
浙江,Direct Polar,annulus,5e-06,0.6987179487179487,0.990909090909091,0.8195488721804511,110,156,109,1,47,0.7217307198636087
浙江,Direct Polar,annulus,2e-05,0.7692307692307693,1.0,0.8695652173913044,110,143,110,0,33,0.8117054564339632
浙江,Direct Polar,annulus,0.0001,0.7586206896551724,1.0,0.8627450980392156,110,145,110,0,35,0.8033917626392025
浙江,Direct Polar,annulus,0.0005,0.7586206896551724,1.0,0.8627450980392156,110,145,110,0,35,0.8033917626392025
浙江,Harmonic,disk,1e-06,0.6547619047619048,1.0,0.7913669064748202,110,168,110,0,58,0.6597329422317516
浙江,Harmonic,disk,5e-06,0.6547619047619048,1.0,0.7913669064748202,110,168,110,0,58,0.6597329422317516
浙江,Harmonic,disk,2e-05,0.6547619047619048,1.0,0.7913669064748202,110,168,110,0,58,0.6597329422317516
浙江,Harmonic,disk,0.0001,0.6547619047619048,1.0,0.7913669064748202,110,168,110,0,58,0.6597329422317516
浙江,Harmonic,disk,0.0005,0.6547619047619048,1.0,0.7913669064748202,110,168,110,0,58,0.6597329422317516
浙江,Harmonic,annulus,1e-06,0.6513157894736842,0.9,0.7557251908396946,110,152,99,11,53,0.6716542833076531
浙江,Harmonic,annulus,5e-06,0.6513157894736842,0.9,0.7557251908396946,110,152,99,11,53,0.6716542833076531
浙江,Harmonic,annulus,2e-05,0.6513157894736842,0.9,0.7557251908396946,110,152,99,11,53,0.6716542833076531
浙江,Harmonic,annulus,0.0001,0.6513157894736842,0.9,0.7557251908396946,110,152,99,11,53,0.6716542833076531
浙江,Harmonic,annulus,0.0005,0.6513157894736842,0.9,0.7557251908396946,110,152,99,11,53,0.6716542833076531
浙江,Area-balanced,disk,1e-06,0.6428571428571429,0.9818181818181818,0.776978417266187,110,168,108,2,60,0.6519784370058245
浙江,Area-balanced,disk,5e-06,0.6428571428571429,0.9818181818181818,0.776978417266187,110,168,108,2,60,0.6519784370058245
浙江,Area-balanced,disk,2e-05,0.6428571428571429,0.9818181818181818,0.776978417266187,110,168,108,2,60,0.6519784370058245
浙江,Area-balanced,disk,0.0001,0.6428571428571429,0.9818181818181818,0.776978417266187,110,168,108,2,60,0.6519784370058245
浙江,Area-balanced,disk,0.0005,0.6428571428571429,0.9818181818181818,0.776978417266187,110,168,108,2,60,0.6519784370058245
浙江,Area-balanced,annulus,1e-06,0.62,0.8454545454545455,0.7153846153846155,110,150,93,17,57,0.6731316878459056
浙江,Area-balanced,annulus,5e-06,0.62,0.8454545454545455,0.7153846153846155,110,150,93,17,57,0.6731316878459056
浙江,Area-balanced,annulus,2e-05,0.62,0.8454545454545455,0.7153846153846155,110,150,93,17,57,0.6731316878459056
浙江,Area-balanced,annulus,0.0001,0.62,0.8454545454545455,0.7153846153846155,110,150,93,17,57,0.6731316878459056
浙江,Area-balanced,annulus,0.0005,0.62,0.8454545454545455,0.7153846153846155,110,150,93,17,57,0.6731316878459056
浙江,Regular Topology,disk,1e-06,0.4946808510638298,0.8454545454545455,0.6241610738255033,110,188,93,17,95,0.49323551944368493
浙江,Regular Topology,disk,5e-06,0.4946808510638298,0.8454545454545455,0.6241610738255033,110,188,93,17,95,0.49323551944368493
浙江,Regular Topology,disk,2e-05,0.4946808510638298,0.8454545454545455,0.6241610738255033,110,188,93,17,95,0.49323551944368493
浙江,Regular Topology,disk,0.0001,0.4946808510638298,0.8454545454545455,0.6241610738255033,110,188,93,17,95,0.49323551944368493
浙江,Regular Topology,disk,0.0005,0.4946808510638298,0.8454545454545455,0.6241610738255033,110,188,93,17,95,0.49323551944368493
浙江,Regular Topology,annulus,1e-06,0.5393939393939394,0.8090909090909091,0.6472727272727272,110,165,89,21,76,0.5269281223468815
浙江,Regular Topology,annulus,5e-06,0.5393939393939394,0.8090909090909091,0.6472727272727272,110,165,89,21,76,0.5269281223468815
浙江,Regular Topology,annulus,2e-05,0.5393939393939394,0.8090909090909091,0.6472727272727272,110,165,89,21,76,0.5269281223468815
浙江,Regular Topology,annulus,0.0001,0.5393939393939394,0.8090909090909091,0.6472727272727272,110,165,89,21,76,0.5269281223468815
浙江,Regular Topology,annulus,0.0005,0.5393939393939394,0.8090909090909091,0.6472727272727272,110,165,89,21,76,0.5269281223468815
浙江,GeoDisk,disk,1e-06,0.6,0.9272727272727272,0.7285714285714284,110,170,102,8,68,0.6241102448724605
浙江,GeoDisk,disk,5e-06,0.6,0.9272727272727272,0.7285714285714284,110,170,102,8,68,0.6241102448724605
浙江,GeoDisk,disk,2e-05,0.6,0.9272727272727272,0.7285714285714284,110,170,102,8,68,0.6241102448724605
浙江,GeoDisk,disk,0.0001,0.6,0.9272727272727272,0.7285714285714284,110,170,102,8,68,0.6241102448724605
浙江,GeoDisk,disk,0.0005,0.6,0.9272727272727272,0.7285714285714284,110,170,102,8,68,0.6241102448724605
浙江,GeoAnnulus,annulus,1e-06,0.6190476190476191,0.8272727272727273,0.708171206225681,110,147,91,19,56,0.6652194813733275
浙江,GeoAnnulus,annulus,5e-06,0.6190476190476191,0.8272727272727273,0.708171206225681,110,147,91,19,56,0.6652194813733275
浙江,GeoAnnulus,annulus,2e-05,0.6190476190476191,0.8272727272727273,0.708171206225681,110,147,91,19,56,0.6652194813733275
浙江,GeoAnnulus,annulus,0.0001,0.6190476190476191,0.8272727272727273,0.708171206225681,110,147,91,19,56,0.6652194813733275
浙江,GeoAnnulus,annulus,0.0005,0.6190476190476191,0.8272727272727273,0.708171206225681,110,147,91,19,56,0.6652194813733275
浙江,GeoDisk-Final,disk,1e-06,0.650887573964497,1.0,0.7885304659498208,110,169,110,0,59,0.6573721305949218
浙江,GeoDisk-Final,disk,5e-06,0.650887573964497,1.0,0.7885304659498208,110,169,110,0,59,0.6573721305949218
浙江,GeoDisk-Final,disk,2e-05,0.650887573964497,1.0,0.7885304659498208,110,169,110,0,59,0.6573721305949218
浙江,GeoDisk-Final,disk,0.0001,0.650887573964497,1.0,0.7885304659498208,110,169,110,0,59,0.6573721305949218
浙江,GeoDisk-Final,disk,0.0005,0.650887573964497,1.0,0.7885304659498208,110,169,110,0,59,0.6573721305949218
浙江,GeoAnnulus-Final,annulus,1e-06,0.6451612903225806,0.9090909090909091,0.7547169811320754,110,155,100,10,55,0.6590869611058942
浙江,GeoAnnulus-Final,annulus,5e-06,0.6451612903225806,0.9090909090909091,0.7547169811320754,110,155,100,10,55,0.6590869611058942
浙江,GeoAnnulus-Final,annulus,2e-05,0.6451612903225806,0.9090909090909091,0.7547169811320754,110,155,100,10,55,0.6590869611058942
浙江,GeoAnnulus-Final,annulus,0.0001,0.6451612903225806,0.9090909090909091,0.7547169811320754,110,155,100,10,55,0.6590869611058942
浙江,GeoAnnulus-Final,annulus,0.0005,0.6451612903225806,0.9090909090909091,0.7547169811320754,110,155,100,10,55,0.6590869611058942
NE-Admin0-Africa,Direct Polar,disk,1e-06,0.45188284518828453,0.9908256880733946,0.6206896551724138,109,239,108,1,131,0.5433275007473365
NE-Admin0-Africa,Direct Polar,disk,5e-06,0.45188284518828453,0.9908256880733946,0.6206896551724138,109,239,108,1,131,0.5433275007473365
NE-Admin0-Africa,Direct Polar,disk,2e-05,0.45,0.9908256880733946,0.6189111747851003,109,240,108,1,132,0.5433275007473365
NE-Admin0-Africa,Direct Polar,disk,0.0001,0.45,0.9908256880733946,0.6189111747851003,109,240,108,1,132,0.5433275007473365
NE-Admin0-Africa,Direct Polar,disk,0.0005,0.4462809917355372,0.9908256880733946,0.6153846153846154,109,242,108,1,134,0.5389064382703199
NE-Admin0-Africa,Direct Polar,annulus,1e-06,0.45188284518828453,0.9908256880733946,0.6206896551724138,109,239,108,1,131,0.5433275007473365
NE-Admin0-Africa,Direct Polar,annulus,5e-06,0.45188284518828453,0.9908256880733946,0.6206896551724138,109,239,108,1,131,0.5433275007473365
NE-Admin0-Africa,Direct Polar,annulus,2e-05,0.45,0.9908256880733946,0.6189111747851003,109,240,108,1,132,0.5433275007473365
NE-Admin0-Africa,Direct Polar,annulus,0.0001,0.45,0.9908256880733946,0.6189111747851003,109,240,108,1,132,0.5433275007473365
NE-Admin0-Africa,Direct Polar,annulus,0.0005,0.4462809917355372,0.9908256880733946,0.6153846153846154,109,242,108,1,134,0.5389064382703199
NE-Admin0-Africa,Harmonic,disk,1e-06,0.5585585585585585,0.5688073394495413,0.5636363636363636,109,111,62,47,49,0.536184193691141
NE-Admin0-Africa,Harmonic,disk,5e-06,0.5585585585585585,0.5688073394495413,0.5636363636363636,109,111,62,47,49,0.536184193691141
NE-Admin0-Africa,Harmonic,disk,2e-05,0.5585585585585585,0.5688073394495413,0.5636363636363636,109,111,62,47,49,0.536184193691141
NE-Admin0-Africa,Harmonic,disk,0.0001,0.5585585585585585,0.5688073394495413,0.5636363636363636,109,111,62,47,49,0.536184193691141
NE-Admin0-Africa,Harmonic,disk,0.0005,0.5585585585585585,0.5688073394495413,0.5636363636363636,109,111,62,47,49,0.536184193691141
NE-Admin0-Africa,Harmonic,annulus,1e-06,0.5454545454545454,0.5504587155963303,0.547945205479452,109,110,60,49,50,0.5331234392990687
NE-Admin0-Africa,Harmonic,annulus,5e-06,0.5454545454545454,0.5504587155963303,0.547945205479452,109,110,60,49,50,0.5331234392990687
NE-Admin0-Africa,Harmonic,annulus,2e-05,0.5454545454545454,0.5504587155963303,0.547945205479452,109,110,60,49,50,0.5331234392990687
NE-Admin0-Africa,Harmonic,annulus,0.0001,0.5454545454545454,0.5504587155963303,0.547945205479452,109,110,60,49,50,0.5331234392990687
NE-Admin0-Africa,Harmonic,annulus,0.0005,0.5454545454545454,0.5504587155963303,0.547945205479452,109,110,60,49,50,0.5331234392990687
NE-Admin0-Africa,Area-balanced,disk,1e-06,0.5862068965517241,0.6238532110091743,0.6044444444444446,109,116,68,41,48,0.5780561345745086
NE-Admin0-Africa,Area-balanced,disk,5e-06,0.5862068965517241,0.6238532110091743,0.6044444444444446,109,116,68,41,48,0.5780561345745086
NE-Admin0-Africa,Area-balanced,disk,2e-05,0.5862068965517241,0.6238532110091743,0.6044444444444446,109,116,68,41,48,0.5780561345745086
NE-Admin0-Africa,Area-balanced,disk,0.0001,0.5862068965517241,0.6238532110091743,0.6044444444444446,109,116,68,41,48,0.5780561345745086
NE-Admin0-Africa,Area-balanced,disk,0.0005,0.5862068965517241,0.6238532110091743,0.6044444444444446,109,116,68,41,48,0.5780561345745086
NE-Admin0-Africa,Area-balanced,annulus,1e-06,0.5754716981132075,0.5596330275229358,0.5674418604651162,109,106,61,48,45,0.49373733508530926
NE-Admin0-Africa,Area-balanced,annulus,5e-06,0.5754716981132075,0.5596330275229358,0.5674418604651162,109,106,61,48,45,0.49373733508530926
NE-Admin0-Africa,Area-balanced,annulus,2e-05,0.5754716981132075,0.5596330275229358,0.5674418604651162,109,106,61,48,45,0.49373733508530926
NE-Admin0-Africa,Area-balanced,annulus,0.0001,0.5754716981132075,0.5596330275229358,0.5674418604651162,109,106,61,48,45,0.49373733508530926
NE-Admin0-Africa,Area-balanced,annulus,0.0005,0.5754716981132075,0.5596330275229358,0.5674418604651162,109,106,61,48,45,0.49373733508530926
NE-Admin0-Africa,Regular Topology,disk,1e-06,0.5327868852459017,0.5963302752293578,0.5627705627705627,109,122,65,44,57,0.4389805322243403
NE-Admin0-Africa,Regular Topology,disk,5e-06,0.5327868852459017,0.5963302752293578,0.5627705627705627,109,122,65,44,57,0.4389805322243403
NE-Admin0-Africa,Regular Topology,disk,2e-05,0.5327868852459017,0.5963302752293578,0.5627705627705627,109,122,65,44,57,0.4389805322243403
NE-Admin0-Africa,Regular Topology,disk,0.0001,0.5327868852459017,0.5963302752293578,0.5627705627705627,109,122,65,44,57,0.4389805322243403
NE-Admin0-Africa,Regular Topology,disk,0.0005,0.5327868852459017,0.5963302752293578,0.5627705627705627,109,122,65,44,57,0.4389805322243403
NE-Admin0-Africa,Regular Topology,annulus,1e-06,0.5398230088495575,0.5596330275229358,0.5495495495495495,109,113,61,48,52,0.41068830097777465
NE-Admin0-Africa,Regular Topology,annulus,5e-06,0.5398230088495575,0.5596330275229358,0.5495495495495495,109,113,61,48,52,0.41068830097777465
NE-Admin0-Africa,Regular Topology,annulus,2e-05,0.5398230088495575,0.5596330275229358,0.5495495495495495,109,113,61,48,52,0.41068830097777465
NE-Admin0-Africa,Regular Topology,annulus,0.0001,0.5398230088495575,0.5596330275229358,0.5495495495495495,109,113,61,48,52,0.41068830097777465
NE-Admin0-Africa,Regular Topology,annulus,0.0005,0.5398230088495575,0.5596330275229358,0.5495495495495495,109,113,61,48,52,0.41068830097777465
NE-Admin0-Africa,GeoDisk,disk,1e-06,0.5785123966942148,0.6422018348623854,0.6086956521739131,109,121,70,39,51,0.5804796898559181
NE-Admin0-Africa,GeoDisk,disk,5e-06,0.5785123966942148,0.6422018348623854,0.6086956521739131,109,121,70,39,51,0.5804796898559181
NE-Admin0-Africa,GeoDisk,disk,2e-05,0.5785123966942148,0.6422018348623854,0.6086956521739131,109,121,70,39,51,0.5804796898559181
NE-Admin0-Africa,GeoDisk,disk,0.0001,0.5785123966942148,0.6422018348623854,0.6086956521739131,109,121,70,39,51,0.5804796898559181
NE-Admin0-Africa,GeoDisk,disk,0.0005,0.5785123966942148,0.6422018348623854,0.6086956521739131,109,121,70,39,51,0.5804796898559181
NE-Admin0-Africa,GeoAnnulus,annulus,1e-06,0.5849056603773585,0.5688073394495413,0.5767441860465117,109,106,62,47,44,0.5036450994701096
NE-Admin0-Africa,GeoAnnulus,annulus,5e-06,0.5849056603773585,0.5688073394495413,0.5767441860465117,109,106,62,47,44,0.5036450994701096
NE-Admin0-Africa,GeoAnnulus,annulus,2e-05,0.5849056603773585,0.5688073394495413,0.5767441860465117,109,106,62,47,44,0.5036450994701096
NE-Admin0-Africa,GeoAnnulus,annulus,0.0001,0.5849056603773585,0.5688073394495413,0.5767441860465117,109,106,62,47,44,0.5036450994701096
NE-Admin0-Africa,GeoAnnulus,annulus,0.0005,0.5849056603773585,0.5688073394495413,0.5767441860465117,109,106,62,47,44,0.5036450994701096
NE-Admin0-Africa,GeoDisk-Final,disk,1e-06,0.7235772357723578,0.8165137614678899,0.7672413793103449,109,123,89,20,34,0.6846186350629074
NE-Admin0-Africa,GeoDisk-Final,disk,5e-06,0.7235772357723578,0.8165137614678899,0.7672413793103449,109,123,89,20,34,0.6846186350629074
NE-Admin0-Africa,GeoDisk-Final,disk,2e-05,0.7235772357723578,0.8165137614678899,0.7672413793103449,109,123,89,20,34,0.6846186350629074
NE-Admin0-Africa,GeoDisk-Final,disk,0.0001,0.7235772357723578,0.8165137614678899,0.7672413793103449,109,123,89,20,34,0.6846186350629074
NE-Admin0-Africa,GeoDisk-Final,disk,0.0005,0.7235772357723578,0.8165137614678899,0.7672413793103449,109,123,89,20,34,0.6846186350629074
NE-Admin0-Africa,GeoAnnulus-Final,annulus,1e-06,0.6206896551724138,0.6605504587155964,0.6400000000000001,109,116,72,37,44,0.5424469395518259
NE-Admin0-Africa,GeoAnnulus-Final,annulus,5e-06,0.6206896551724138,0.6605504587155964,0.6400000000000001,109,116,72,37,44,0.5424469395518259
NE-Admin0-Africa,GeoAnnulus-Final,annulus,2e-05,0.6206896551724138,0.6605504587155964,0.6400000000000001,109,116,72,37,44,0.5424469395518259
NE-Admin0-Africa,GeoAnnulus-Final,annulus,0.0001,0.6206896551724138,0.6605504587155964,0.6400000000000001,109,116,72,37,44,0.5424469395518259
NE-Admin0-Africa,GeoAnnulus-Final,annulus,0.0005,0.6206896551724138,0.6605504587155964,0.6400000000000001,109,116,72,37,44,0.5424469395518259
NCEP-AirTemp-Africa-2000,Direct Polar,disk,1e-06,0.23712021136063408,0.9689608636977058,0.3810029185460334,741,3028,718,23,2310,0.4507065517649247
NCEP-AirTemp-Africa-2000,Direct Polar,disk,5e-06,0.23712021136063408,0.9689608636977058,0.3810029185460334,741,3028,718,23,2310,0.4507065517649247
NCEP-AirTemp-Africa-2000,Direct Polar,disk,2e-05,0.2370419280290525,0.9689608636977058,0.38090185676392574,741,3029,718,23,2311,0.45063904888736384
NCEP-AirTemp-Africa-2000,Direct Polar,disk,0.0001,0.23677335075114303,0.9784075573549258,0.38127793846962926,741,3062,725,16,2337,0.45063904888736384
NCEP-AirTemp-Africa-2000,Direct Polar,disk,0.0005,0.22576687116564417,0.9932523616734144,0.3679080229942514,741,3260,736,5,2524,0.4480726001497254
NCEP-AirTemp-Africa-2000,Direct Polar,annulus,1e-06,0.23408423114593535,0.9676113360323887,0.37697160883280756,741,3063,717,24,2346,0.47419318549263756
NCEP-AirTemp-Africa-2000,Direct Polar,annulus,5e-06,0.23408423114593535,0.9676113360323887,0.37697160883280756,741,3063,717,24,2346,0.47419318549263756
NCEP-AirTemp-Africa-2000,Direct Polar,annulus,2e-05,0.23408423114593535,0.9676113360323887,0.37697160883280756,741,3063,717,24,2346,0.47419318549263756
NCEP-AirTemp-Africa-2000,Direct Polar,annulus,0.0001,0.23385012919896642,0.9770580296896086,0.3773781600208496,741,3096,724,17,2372,0.47419318549263756
NCEP-AirTemp-Africa-2000,Direct Polar,annulus,0.0005,0.2229299363057325,0.9919028340080972,0.3640416047548291,741,3297,735,6,2562,0.47201015080997727
NCEP-AirTemp-Africa-2000,Harmonic,disk,1e-06,0.5851449275362319,0.8717948717948718,0.7002710027100271,741,1104,646,95,458,0.5826058662344777
NCEP-AirTemp-Africa-2000,Harmonic,disk,5e-06,0.5851449275362319,0.8717948717948718,0.7002710027100271,741,1104,646,95,458,0.5826058662344777
NCEP-AirTemp-Africa-2000,Harmonic,disk,2e-05,0.5851449275362319,0.8717948717948718,0.7002710027100271,741,1104,646,95,458,0.5826058662344777
NCEP-AirTemp-Africa-2000,Harmonic,disk,0.0001,0.5862068965517241,0.8717948717948718,0.7010309278350514,741,1102,646,95,456,0.5834512106165878
NCEP-AirTemp-Africa-2000,Harmonic,disk,0.0005,0.5867393278837421,0.8717948717948718,0.7014115092290988,741,1101,646,95,455,0.5833878456969332
NCEP-AirTemp-Africa-2000,Harmonic,annulus,1e-06,0.5448658649398704,0.7948717948717948,0.646542261251372,741,1081,589,152,492,0.5414463756581196
NCEP-AirTemp-Africa-2000,Harmonic,annulus,5e-06,0.5448658649398704,0.7948717948717948,0.646542261251372,741,1081,589,152,492,0.5414463756581196
NCEP-AirTemp-Africa-2000,Harmonic,annulus,2e-05,0.5448658649398704,0.7948717948717948,0.646542261251372,741,1081,589,152,492,0.5414463756581196
NCEP-AirTemp-Africa-2000,Harmonic,annulus,0.0001,0.5444444444444444,0.7935222672064778,0.6457990115321253,741,1080,588,153,492,0.5403885044630914
NCEP-AirTemp-Africa-2000,Harmonic,annulus,0.0005,0.5444444444444444,0.7935222672064778,0.6457990115321253,741,1080,588,153,492,0.5403885044630914
NCEP-AirTemp-Africa-2000,Area-balanced,disk,1e-06,0.4841417910447761,0.7004048582995951,0.5725317153888582,741,1072,519,222,553,0.4917434601110444
NCEP-AirTemp-Africa-2000,Area-balanced,disk,5e-06,0.4841417910447761,0.7004048582995951,0.5725317153888582,741,1072,519,222,553,0.4917434601110444
NCEP-AirTemp-Africa-2000,Area-balanced,disk,2e-05,0.4841417910447761,0.7004048582995951,0.5725317153888582,741,1072,519,222,553,0.4917434601110444
NCEP-AirTemp-Africa-2000,Area-balanced,disk,0.0001,0.4841417910447761,0.7004048582995951,0.5725317153888582,741,1072,519,222,553,0.4917434601110444
NCEP-AirTemp-Africa-2000,Area-balanced,disk,0.0005,0.4841417910447761,0.7004048582995951,0.5725317153888582,741,1072,519,222,553,0.4926830780812926
NCEP-AirTemp-Africa-2000,Area-balanced,annulus,1e-06,0.4165120593692022,0.6059379217273954,0.4936778449697636,741,1078,449,292,629,0.42844209392752997
NCEP-AirTemp-Africa-2000,Area-balanced,annulus,5e-06,0.4165120593692022,0.6059379217273954,0.4936778449697636,741,1078,449,292,629,0.42844209392752997
NCEP-AirTemp-Africa-2000,Area-balanced,annulus,2e-05,0.4165120593692022,0.6059379217273954,0.4936778449697636,741,1078,449,292,629,0.42844209392752997
NCEP-AirTemp-Africa-2000,Area-balanced,annulus,0.0001,0.4165120593692022,0.6059379217273954,0.4936778449697636,741,1078,449,292,629,0.42844209392752997
NCEP-AirTemp-Africa-2000,Area-balanced,annulus,0.0005,0.4165120593692022,0.6059379217273954,0.4936778449697636,741,1078,449,292,629,0.4288814673942724
NCEP-AirTemp-Africa-2000,Regular Topology,disk,1e-06,0.2651869158878505,0.6126855600539811,0.3701589889930697,741,1712,454,287,1258,0.27794875667923624
NCEP-AirTemp-Africa-2000,Regular Topology,disk,5e-06,0.26503210741389377,0.6126855600539811,0.37000814995925024,741,1713,454,287,1259,0.2793640642511382
NCEP-AirTemp-Africa-2000,Regular Topology,disk,2e-05,0.26321905868681,0.611336032388664,0.3679935012185215,741,1721,453,288,1268,0.28225641953592845
NCEP-AirTemp-Africa-2000,Regular Topology,disk,0.0001,0.26321905868681,0.611336032388664,0.3679935012185215,741,1721,453,288,1268,0.28225641953592845
NCEP-AirTemp-Africa-2000,Regular Topology,disk,0.0005,0.2633720930232558,0.611336032388664,0.3681430312880943,741,1720,453,288,1267,0.2825758186366338
NCEP-AirTemp-Africa-2000,Regular Topology,annulus,1e-06,0.37596153846153846,0.5276653171390013,0.4390791690061763,741,1040,391,350,649,0.3147495707359615
NCEP-AirTemp-Africa-2000,Regular Topology,annulus,5e-06,0.3763233878729548,0.5276653171390013,0.4393258426966292,741,1039,391,350,648,0.31653745493921603
NCEP-AirTemp-Africa-2000,Regular Topology,annulus,2e-05,0.37249283667621774,0.5263157894736842,0.43624161073825496,741,1047,390,351,657,0.3194298102240063
NCEP-AirTemp-Africa-2000,Regular Topology,annulus,0.0001,0.37249283667621774,0.5263157894736842,0.43624161073825496,741,1047,390,351,657,0.3194298102240063
NCEP-AirTemp-Africa-2000,Regular Topology,annulus,0.0005,0.372848948374761,0.5263157894736842,0.43648573027420257,741,1046,390,351,656,0.3198652715841347
NCEP-AirTemp-Africa-2000,GeoDisk,disk,1e-06,0.3931469792605951,0.5883940620782726,0.47135135135135137,741,1109,436,305,673,0.375674682049913
NCEP-AirTemp-Africa-2000,GeoDisk,disk,5e-06,0.3931469792605951,0.5883940620782726,0.47135135135135137,741,1109,436,305,673,0.375674682049913
NCEP-AirTemp-Africa-2000,GeoDisk,disk,2e-05,0.3931469792605951,0.5883940620782726,0.47135135135135137,741,1109,436,305,673,0.375674682049913
NCEP-AirTemp-Africa-2000,GeoDisk,disk,0.0001,0.3931469792605951,0.5883940620782726,0.47135135135135137,741,1109,436,305,673,0.375674682049913
NCEP-AirTemp-Africa-2000,GeoDisk,disk,0.0005,0.3935018050541516,0.5883940620782726,0.47160627366143854,741,1108,436,305,672,0.375777239509079
NCEP-AirTemp-Africa-2000,GeoAnnulus,annulus,1e-06,0.37781954887218044,0.5425101214574899,0.4454293628808864,741,1064,402,339,662,0.367272579190822
NCEP-AirTemp-Africa-2000,GeoAnnulus,annulus,5e-06,0.37781954887218044,0.5425101214574899,0.4454293628808864,741,1064,402,339,662,0.367272579190822
NCEP-AirTemp-Africa-2000,GeoAnnulus,annulus,2e-05,0.37781954887218044,0.5425101214574899,0.4454293628808864,741,1064,402,339,662,0.367272579190822
NCEP-AirTemp-Africa-2000,GeoAnnulus,annulus,0.0001,0.37781954887218044,0.5425101214574899,0.4454293628808864,741,1064,402,339,662,0.367272579190822
NCEP-AirTemp-Africa-2000,GeoAnnulus,annulus,0.0005,0.37746478873239436,0.5425101214574899,0.4451827242524917,741,1065,402,339,663,0.3671225629345929
NCEP-AirTemp-Africa-2000,GeoDisk-Final,disk,1e-06,0.5906221821460775,0.8839406207827261,0.7081081081081082,741,1109,655,86,454,0.5871242561396568
NCEP-AirTemp-Africa-2000,GeoDisk-Final,disk,5e-06,0.5906221821460775,0.8839406207827261,0.7081081081081082,741,1109,655,86,454,0.5871242561396568
NCEP-AirTemp-Africa-2000,GeoDisk-Final,disk,2e-05,0.5906221821460775,0.8839406207827261,0.7081081081081082,741,1109,655,86,454,0.5871242561396568
NCEP-AirTemp-Africa-2000,GeoDisk-Final,disk,0.0001,0.5906221821460775,0.8839406207827261,0.7081081081081082,741,1109,655,86,454,0.5871242561396568
NCEP-AirTemp-Africa-2000,GeoDisk-Final,disk,0.0005,0.5916892502258356,0.8839406207827261,0.7088744588744589,741,1107,655,86,452,0.5882984365294978
NCEP-AirTemp-Africa-2000,GeoAnnulus-Final,annulus,1e-06,0.5576208178438662,0.8097165991902834,0.6604292790313705,741,1076,600,141,476,0.5480693195134366
NCEP-AirTemp-Africa-2000,GeoAnnulus-Final,annulus,5e-06,0.5576208178438662,0.8097165991902834,0.6604292790313705,741,1076,600,141,476,0.5480693195134366
NCEP-AirTemp-Africa-2000,GeoAnnulus-Final,annulus,2e-05,0.5576208178438662,0.8097165991902834,0.6604292790313705,741,1076,600,141,476,0.5480693195134366
NCEP-AirTemp-Africa-2000,GeoAnnulus-Final,annulus,0.0001,0.5581395348837209,0.8097165991902834,0.6607929515418501,741,1075,600,141,475,0.5484974042968097
NCEP-AirTemp-Africa-2000,GeoAnnulus-Final,annulus,0.0005,0.5577281191806331,0.8083670715249662,0.6600550964187328,741,1074,599,142,475,0.5489666012123906
NASA-Exoplanet-SkyGrid,Direct Polar,disk,1e-06,0.2080659945004583,0.7418300653594772,0.3249821045096636,306,1091,227,79,864,0.22690586130692464
NASA-Exoplanet-SkyGrid,Direct Polar,disk,5e-06,0.2080659945004583,0.7418300653594772,0.3249821045096636,306,1091,227,79,864,0.22690586130692464
NASA-Exoplanet-SkyGrid,Direct Polar,disk,2e-05,0.20730593607305936,0.7418300653594772,0.3240542469664525,306,1095,227,79,868,0.2282015080798047
NASA-Exoplanet-SkyGrid,Direct Polar,disk,0.0001,0.20355555555555555,0.7483660130718954,0.3200559049615654,306,1125,229,77,896,0.23067815015229598
NASA-Exoplanet-SkyGrid,Direct Polar,disk,0.0005,0.2077375946173255,0.8071895424836601,0.3304347826086957,306,1189,247,59,942,0.22749060627896892
NASA-Exoplanet-SkyGrid,Direct Polar,annulus,1e-06,0.2080659945004583,0.7418300653594772,0.3249821045096636,306,1091,227,79,864,0.22690586130692464
NASA-Exoplanet-SkyGrid,Direct Polar,annulus,5e-06,0.2080659945004583,0.7418300653594772,0.3249821045096636,306,1091,227,79,864,0.22690586130692464
NASA-Exoplanet-SkyGrid,Direct Polar,annulus,2e-05,0.20730593607305936,0.7418300653594772,0.3240542469664525,306,1095,227,79,868,0.2282015080798047
NASA-Exoplanet-SkyGrid,Direct Polar,annulus,0.0001,0.20355555555555555,0.7483660130718954,0.3200559049615654,306,1125,229,77,896,0.23067815015229598
NASA-Exoplanet-SkyGrid,Direct Polar,annulus,0.0005,0.2077375946173255,0.8071895424836601,0.3304347826086957,306,1189,247,59,942,0.22749060627896892
NASA-Exoplanet-SkyGrid,Harmonic,disk,1e-06,0.4503464203233256,0.6372549019607843,0.5277401894451962,306,433,195,111,238,0.47433264675397196
NASA-Exoplanet-SkyGrid,Harmonic,disk,5e-06,0.4503464203233256,0.6372549019607843,0.5277401894451962,306,433,195,111,238,0.47433264675397196
NASA-Exoplanet-SkyGrid,Harmonic,disk,2e-05,0.4503464203233256,0.6372549019607843,0.5277401894451962,306,433,195,111,238,0.47433264675397196
NASA-Exoplanet-SkyGrid,Harmonic,disk,0.0001,0.4503464203233256,0.6372549019607843,0.5277401894451962,306,433,195,111,238,0.47433264675397196
NASA-Exoplanet-SkyGrid,Harmonic,disk,0.0005,0.4503464203233256,0.6372549019607843,0.5277401894451962,306,433,195,111,238,0.47433264675397196
NASA-Exoplanet-SkyGrid,Harmonic,annulus,1e-06,0.4317617866004963,0.5686274509803921,0.49083215796897034,306,403,174,132,229,0.3975526592928967
NASA-Exoplanet-SkyGrid,Harmonic,annulus,5e-06,0.4317617866004963,0.5686274509803921,0.49083215796897034,306,403,174,132,229,0.3975526592928967
NASA-Exoplanet-SkyGrid,Harmonic,annulus,2e-05,0.4317617866004963,0.5686274509803921,0.49083215796897034,306,403,174,132,229,0.3975526592928967
NASA-Exoplanet-SkyGrid,Harmonic,annulus,0.0001,0.4275184275184275,0.5686274509803921,0.48807854137447404,306,407,174,132,233,0.39779395630892045
NASA-Exoplanet-SkyGrid,Harmonic,annulus,0.0005,0.41626794258373206,0.5686274509803921,0.4806629834254143,306,418,174,132,244,0.4031592139600273
NASA-Exoplanet-SkyGrid,Area-balanced,disk,1e-06,0.6365853658536585,0.8529411764705882,0.729050279329609,306,410,261,45,149,0.6350081962124733
NASA-Exoplanet-SkyGrid,Area-balanced,disk,5e-06,0.6365853658536585,0.8529411764705882,0.729050279329609,306,410,261,45,149,0.6350081962124733
NASA-Exoplanet-SkyGrid,Area-balanced,disk,2e-05,0.6557788944723618,0.8529411764705882,0.7414772727272727,306,398,261,45,137,0.6534283697166394
NASA-Exoplanet-SkyGrid,Area-balanced,disk,0.0001,0.6624365482233503,0.8529411764705882,0.7457142857142857,306,394,261,45,133,0.6597775760658458
NASA-Exoplanet-SkyGrid,Area-balanced,disk,0.0005,0.6744186046511628,0.8529411764705882,0.7532467532467532,306,387,261,45,126,0.6724609091331658
NASA-Exoplanet-SkyGrid,Area-balanced,annulus,1e-06,0.5527638190954773,0.7189542483660131,0.6249999999999999,306,398,220,86,178,0.5375212511034091
NASA-Exoplanet-SkyGrid,Area-balanced,annulus,5e-06,0.5527638190954773,0.7189542483660131,0.6249999999999999,306,398,220,86,178,0.5375212511034091
NASA-Exoplanet-SkyGrid,Area-balanced,annulus,2e-05,0.5527638190954773,0.7189542483660131,0.6249999999999999,306,398,220,86,178,0.5375212511034091
NASA-Exoplanet-SkyGrid,Area-balanced,annulus,0.0001,0.5527638190954773,0.7189542483660131,0.6249999999999999,306,398,220,86,178,0.5375212511034091
NASA-Exoplanet-SkyGrid,Area-balanced,annulus,0.0005,0.5527638190954773,0.7189542483660131,0.6249999999999999,306,398,220,86,178,0.5375212511034091
NASA-Exoplanet-SkyGrid,Regular Topology,disk,1e-06,0.49176954732510286,0.7810457516339869,0.6035353535353536,306,486,239,67,247,0.46903795514529395
NASA-Exoplanet-SkyGrid,Regular Topology,disk,5e-06,0.49176954732510286,0.7810457516339869,0.6035353535353536,306,486,239,67,247,0.46903795514529395
NASA-Exoplanet-SkyGrid,Regular Topology,disk,2e-05,0.48975409836065575,0.7810457516339869,0.6020151133501259,306,488,239,67,249,0.46777486678765073
NASA-Exoplanet-SkyGrid,Regular Topology,disk,0.0001,0.48582995951417,0.7843137254901961,0.6,306,494,240,66,254,0.45267363600163907
NASA-Exoplanet-SkyGrid,Regular Topology,disk,0.0005,0.48582995951417,0.7843137254901961,0.6,306,494,240,66,254,0.45267363600163907
NASA-Exoplanet-SkyGrid,Regular Topology,annulus,1e-06,0.551980198019802,0.7287581699346405,0.6281690140845071,306,404,223,83,181,0.4978118345912164
NASA-Exoplanet-SkyGrid,Regular Topology,annulus,5e-06,0.551980198019802,0.7287581699346405,0.6281690140845071,306,404,223,83,181,0.4978118345912164
NASA-Exoplanet-SkyGrid,Regular Topology,annulus,2e-05,0.551980198019802,0.7287581699346405,0.6281690140845071,306,404,223,83,181,0.4978118345912164
NASA-Exoplanet-SkyGrid,Regular Topology,annulus,0.0001,0.5463414634146342,0.7320261437908496,0.6256983240223464,306,410,224,82,186,0.48297818461955627
NASA-Exoplanet-SkyGrid,Regular Topology,annulus,0.0005,0.5463414634146342,0.7320261437908496,0.6256983240223464,306,410,224,82,186,0.48297818461955627
NASA-Exoplanet-SkyGrid,GeoDisk,disk,1e-06,0.5678160919540229,0.8071895424836601,0.6666666666666666,306,435,247,59,188,0.5420122011800083
NASA-Exoplanet-SkyGrid,GeoDisk,disk,5e-06,0.5678160919540229,0.8071895424836601,0.6666666666666666,306,435,247,59,188,0.5420122011800083
NASA-Exoplanet-SkyGrid,GeoDisk,disk,2e-05,0.5678160919540229,0.8071895424836601,0.6666666666666666,306,435,247,59,188,0.5420122011800083
NASA-Exoplanet-SkyGrid,GeoDisk,disk,0.0001,0.5678160919540229,0.8071895424836601,0.6666666666666666,306,435,247,59,188,0.5420122011800083
NASA-Exoplanet-SkyGrid,GeoDisk,disk,0.0005,0.5678160919540229,0.8071895424836601,0.6666666666666666,306,435,247,59,188,0.5420122011800083
NASA-Exoplanet-SkyGrid,GeoAnnulus,annulus,1e-06,0.5295566502463054,0.7026143790849673,0.6039325842696629,306,406,215,91,191,0.5006242669690595
NASA-Exoplanet-SkyGrid,GeoAnnulus,annulus,5e-06,0.5295566502463054,0.7026143790849673,0.6039325842696629,306,406,215,91,191,0.5006242669690595
NASA-Exoplanet-SkyGrid,GeoAnnulus,annulus,2e-05,0.5295566502463054,0.7026143790849673,0.6039325842696629,306,406,215,91,191,0.5006242669690595
NASA-Exoplanet-SkyGrid,GeoAnnulus,annulus,0.0001,0.5295566502463054,0.7026143790849673,0.6039325842696629,306,406,215,91,191,0.5006242669690595
NASA-Exoplanet-SkyGrid,GeoAnnulus,annulus,0.0005,0.5295566502463054,0.7026143790849673,0.6039325842696629,306,406,215,91,191,0.5006242669690595
NASA-Exoplanet-SkyGrid,GeoDisk-Final,disk,1e-06,0.6505747126436782,0.9248366013071896,0.7638326585695007,306,435,283,23,152,0.6420298001431185
NASA-Exoplanet-SkyGrid,GeoDisk-Final,disk,5e-06,0.6505747126436782,0.9248366013071896,0.7638326585695007,306,435,283,23,152,0.6420298001431185
NASA-Exoplanet-SkyGrid,GeoDisk-Final,disk,2e-05,0.6505747126436782,0.9248366013071896,0.7638326585695007,306,435,283,23,152,0.6420298001431185
NASA-Exoplanet-SkyGrid,GeoDisk-Final,disk,0.0001,0.652073732718894,0.9248366013071896,0.764864864864865,306,434,283,23,151,0.6435201022418658
NASA-Exoplanet-SkyGrid,GeoDisk-Final,disk,0.0005,0.652073732718894,0.9248366013071896,0.764864864864865,306,434,283,23,151,0.6435201022418658
NASA-Exoplanet-SkyGrid,GeoAnnulus-Final,annulus,1e-06,0.6066350710900474,0.8366013071895425,0.7032967032967032,306,422,256,50,166,0.6374383250515574
NASA-Exoplanet-SkyGrid,GeoAnnulus-Final,annulus,5e-06,0.6066350710900474,0.8366013071895425,0.7032967032967032,306,422,256,50,166,0.6374383250515574
NASA-Exoplanet-SkyGrid,GeoAnnulus-Final,annulus,2e-05,0.6066350710900474,0.8366013071895425,0.7032967032967032,306,422,256,50,166,0.6374383250515574
NASA-Exoplanet-SkyGrid,GeoAnnulus-Final,annulus,0.0001,0.6066350710900474,0.8366013071895425,0.7032967032967032,306,422,256,50,166,0.6374383250515574
NASA-Exoplanet-SkyGrid,GeoAnnulus-Final,annulus,0.0005,0.6066350710900474,0.8366013071895425,0.7032967032967032,306,422,256,50,166,0.6374383250515574
Synthetic-concave_u,GeoDisk-Final,disk,1e-06,0.625,0.9764309764309764,0.7621550591327202,297,464,290,7,174,0.6156535224272811
Synthetic-concave_u,GeoDisk-Final,disk,5e-06,0.625,0.9764309764309764,0.7621550591327202,297,464,290,7,174,0.6156535224272811
Synthetic-concave_u,GeoDisk-Final,disk,2e-05,0.625,0.9764309764309764,0.7621550591327202,297,464,290,7,174,0.6156535224272811
Synthetic-concave_u,GeoDisk-Final,disk,0.0001,0.625,0.9764309764309764,0.7621550591327202,297,464,290,7,174,0.6156535224272811
Synthetic-concave_u,GeoDisk-Final,disk,0.0005,0.6263498920086393,0.9764309764309764,0.763157894736842,297,463,290,7,173,0.6166922312421527
Synthetic-concave_u,GeoAnnulus-Final,annulus,1e-06,0.6363636363636364,0.9663299663299664,0.7673796791443851,297,451,287,10,164,0.6240125933546397
Synthetic-concave_u,GeoAnnulus-Final,annulus,5e-06,0.6363636363636364,0.9663299663299664,0.7673796791443851,297,451,287,10,164,0.6240125933546397
Synthetic-concave_u,GeoAnnulus-Final,annulus,2e-05,0.6363636363636364,0.9663299663299664,0.7673796791443851,297,451,287,10,164,0.6240125933546397
Synthetic-concave_u,GeoAnnulus-Final,annulus,0.0001,0.6363636363636364,0.9663299663299664,0.7673796791443851,297,451,287,10,164,0.6240125933546397
Synthetic-concave_u,GeoAnnulus-Final,annulus,0.0005,0.6377777777777778,0.9663299663299664,0.7684069611780455,297,450,287,10,163,0.625789238726457
Synthetic-disconnected,GeoDisk-Final,disk,1e-06,0.6420323325635104,0.9788732394366197,0.7754532775453278,284,433,278,6,155,0.6357352345308687
Synthetic-disconnected,GeoDisk-Final,disk,5e-06,0.6420323325635104,0.9788732394366197,0.7754532775453278,284,433,278,6,155,0.6357352345308687
Synthetic-disconnected,GeoDisk-Final,disk,2e-05,0.6420323325635104,0.9788732394366197,0.7754532775453278,284,433,278,6,155,0.6357352345308687
Synthetic-disconnected,GeoDisk-Final,disk,0.0001,0.6420323325635104,0.9788732394366197,0.7754532775453278,284,433,278,6,155,0.6357352345308687
Synthetic-disconnected,GeoDisk-Final,disk,0.0005,0.6435185185185185,0.9788732394366197,0.776536312849162,284,432,278,6,154,0.6365772484197575
Synthetic-disconnected,GeoAnnulus-Final,annulus,1e-06,0.6023529411764705,0.9014084507042254,0.7221438645980254,284,425,256,28,169,0.6021250090697
Synthetic-disconnected,GeoAnnulus-Final,annulus,5e-06,0.6023529411764705,0.9014084507042254,0.7221438645980254,284,425,256,28,169,0.6021250090697
Synthetic-disconnected,GeoAnnulus-Final,annulus,2e-05,0.6037735849056604,0.9014084507042254,0.7231638418079096,284,424,256,28,168,0.6038861406056477
Synthetic-disconnected,GeoAnnulus-Final,annulus,0.0001,0.6037735849056604,0.9014084507042254,0.7231638418079096,284,424,256,28,168,0.6038861406056477
Synthetic-disconnected,GeoAnnulus-Final,annulus,0.0005,0.6071428571428571,0.897887323943662,0.7244318181818181,284,420,255,29,165,0.6073028013116055
Synthetic-disk_like,GeoDisk-Final,disk,1e-06,0.6633663366336634,1.0,0.7976190476190476,268,404,268,0,136,0.6712845050379076
Synthetic-disk_like,GeoDisk-Final,disk,5e-06,0.6633663366336634,1.0,0.7976190476190476,268,404,268,0,136,0.6712845050379076
Synthetic-disk_like,GeoDisk-Final,disk,2e-05,0.6633663366336634,1.0,0.7976190476190476,268,404,268,0,136,0.6712845050379076
Synthetic-disk_like,GeoDisk-Final,disk,0.0001,0.6633663366336634,1.0,0.7976190476190476,268,404,268,0,136,0.6712845050379076
Synthetic-disk_like,GeoDisk-Final,disk,0.0005,0.6633663366336634,1.0,0.7976190476190476,268,404,268,0,136,0.6712845050379076
Synthetic-disk_like,GeoAnnulus-Final,annulus,1e-06,0.6570680628272252,0.9365671641791045,0.7723076923076924,268,382,251,17,131,0.6680684100624051
Synthetic-disk_like,GeoAnnulus-Final,annulus,5e-06,0.6570680628272252,0.9365671641791045,0.7723076923076924,268,382,251,17,131,0.6680684100624051
Synthetic-disk_like,GeoAnnulus-Final,annulus,2e-05,0.6570680628272252,0.9365671641791045,0.7723076923076924,268,382,251,17,131,0.6680684100624051
Synthetic-disk_like,GeoAnnulus-Final,annulus,0.0001,0.6570680628272252,0.9365671641791045,0.7723076923076924,268,382,251,17,131,0.6680684100624051
Synthetic-disk_like,GeoAnnulus-Final,annulus,0.0005,0.6570680628272252,0.9365671641791045,0.7723076923076924,268,382,251,17,131,0.6680684100624051
Synthetic-elongated,GeoDisk-Final,disk,1e-06,0.6129032258064516,0.9243243243243243,0.7370689655172414,370,558,342,28,216,0.6107380088730303
Synthetic-elongated,GeoDisk-Final,disk,5e-06,0.6129032258064516,0.9243243243243243,0.7370689655172414,370,558,342,28,216,0.6107380088730303
Synthetic-elongated,GeoDisk-Final,disk,2e-05,0.6129032258064516,0.9243243243243243,0.7370689655172414,370,558,342,28,216,0.6107380088730303
Synthetic-elongated,GeoDisk-Final,disk,0.0001,0.6129032258064516,0.9243243243243243,0.7370689655172414,370,558,342,28,216,0.6107380088730303
Synthetic-elongated,GeoDisk-Final,disk,0.0005,0.6129032258064516,0.9243243243243243,0.7370689655172414,370,558,342,28,216,0.6107380088730303
Synthetic-elongated,GeoAnnulus-Final,annulus,1e-06,0.5711610486891385,0.8243243243243243,0.6747787610619469,370,534,305,65,229,0.584150058546645
Synthetic-elongated,GeoAnnulus-Final,annulus,5e-06,0.5711610486891385,0.8243243243243243,0.6747787610619469,370,534,305,65,229,0.584150058546645
Synthetic-elongated,GeoAnnulus-Final,annulus,2e-05,0.5711610486891385,0.8243243243243243,0.6747787610619469,370,534,305,65,229,0.584150058546645
Synthetic-elongated,GeoAnnulus-Final,annulus,0.0001,0.5711610486891385,0.8243243243243243,0.6747787610619469,370,534,305,65,229,0.584150058546645
Synthetic-elongated,GeoAnnulus-Final,annulus,0.0005,0.5711610486891385,0.8243243243243243,0.6747787610619469,370,534,305,65,229,0.584150058546645
Synthetic-hole,GeoDisk-Final,disk,1e-06,0.6419753086419753,0.9669421487603306,0.7716405605935697,484,729,468,16,261,0.6419720058436116
Synthetic-hole,GeoDisk-Final,disk,5e-06,0.6419753086419753,0.9669421487603306,0.7716405605935697,484,729,468,16,261,0.6419720058436116
Synthetic-hole,GeoDisk-Final,disk,2e-05,0.6419753086419753,0.9669421487603306,0.7716405605935697,484,729,468,16,261,0.6419720058436116
Synthetic-hole,GeoDisk-Final,disk,0.0001,0.6419753086419753,0.9669421487603306,0.7716405605935697,484,729,468,16,261,0.6419720058436116
Synthetic-hole,GeoDisk-Final,disk,0.0005,0.6419753086419753,0.9669421487603306,0.7716405605935697,484,729,468,16,261,0.6419720058436116
Synthetic-hole,GeoAnnulus-Final,annulus,1e-06,0.592747559274756,0.878099173553719,0.7077435470441299,484,717,425,59,292,0.5909624316857846
Synthetic-hole,GeoAnnulus-Final,annulus,5e-06,0.592747559274756,0.878099173553719,0.7077435470441299,484,717,425,59,292,0.5909624316857846
Synthetic-hole,GeoAnnulus-Final,annulus,2e-05,0.592747559274756,0.878099173553719,0.7077435470441299,484,717,425,59,292,0.5909624316857846
Synthetic-hole,GeoAnnulus-Final,annulus,0.0001,0.592747559274756,0.878099173553719,0.7077435470441299,484,717,425,59,292,0.5909624316857846
Synthetic-hole,GeoAnnulus-Final,annulus,0.0005,0.592747559274756,0.878099173553719,0.7077435470441299,484,717,425,59,292,0.5909624316857846
Synthetic-l_shape,GeoDisk-Final,disk,1e-06,0.6478149100257069,0.984375,0.7813953488372093,256,389,252,4,137,0.6432275728494368
Synthetic-l_shape,GeoDisk-Final,disk,5e-06,0.6478149100257069,0.984375,0.7813953488372093,256,389,252,4,137,0.6432275728494368
Synthetic-l_shape,GeoDisk-Final,disk,2e-05,0.6478149100257069,0.984375,0.7813953488372093,256,389,252,4,137,0.6432275728494368
Synthetic-l_shape,GeoDisk-Final,disk,0.0001,0.6478149100257069,0.984375,0.7813953488372093,256,389,252,4,137,0.6432275728494368
Synthetic-l_shape,GeoDisk-Final,disk,0.0005,0.6478149100257069,0.984375,0.7813953488372093,256,389,252,4,137,0.6432275728494368
Synthetic-l_shape,GeoAnnulus-Final,annulus,1e-06,0.5442359249329759,0.79296875,0.6454689984101749,256,373,203,53,170,0.5603077627826979
Synthetic-l_shape,GeoAnnulus-Final,annulus,5e-06,0.5442359249329759,0.79296875,0.6454689984101749,256,373,203,53,170,0.5603077627826979
Synthetic-l_shape,GeoAnnulus-Final,annulus,2e-05,0.5442359249329759,0.79296875,0.6454689984101749,256,373,203,53,170,0.5603077627826979
Synthetic-l_shape,GeoAnnulus-Final,annulus,0.0001,0.5442359249329759,0.79296875,0.6454689984101749,256,373,203,53,170,0.5603077627826979
Synthetic-l_shape,GeoAnnulus-Final,annulus,0.0005,0.5442359249329759,0.79296875,0.6454689984101749,256,373,203,53,170,0.5603077627826979
