dataset,dataset_family,method,view,cell_count,adj_precision,adj_recall,adj_f1,np2,np3,local_direction_error_deg,angular_error_deg,radial_spearman,area_cv,overlap_ratio,gap_ratio,invalid_polygon_count
安徽,CEG,Area-balanced,annulus,96,0.5508474576271186,0.8125,0.6565656565656567,0.5795873222924307,0.6415247097780802,20.947774959659945,1.7527364578751972,0.9864894194248508,0.4671586195669975,9.183963277239842e-16,7.347170621791874e-16,0.0
安徽,CEG,Area-balanced,disk,96,0.5928853754940712,0.9375,0.7263922518159807,0.6055695523617897,0.6194218039857641,18.101332241970777,2.923011298166573,0.9931361909929464,0.348469929382213,4.240786882898267e-16,5.654382510531023e-16,0.0
安徽,CEG,Direct Polar,annulus,96,0.6896551724137931,1.0,0.8163265306122449,0.7050289900086728,0.7198289138247067,20.27804376608145,1.3321843495484618,0.9485892566467716,1.9564614876818245,0.0006104751450793,0.034497504002712,7.0
安徽,CEG,Direct Polar,disk,96,0.7079646017699115,1.0,0.8290155440414507,0.7035835532340466,0.6940698624284475,15.164250306867274,1.6819771561124206,0.949009766684753,0.7392371636898558,0.00105507917238,0.0447893061674898,6.0
安徽,CEG,GeoAnnulus-Final,annulus,96,0.6536796536796536,0.94375,0.772378516624041,0.6515721851695634,0.6693707768896445,19.44662078492942,2.0190661198205855,0.9511665762344004,0.7234533020788712,0.0,7.347170621791874e-16,0.0
安徽,CEG,GeoDisk-Final,disk,96,0.6334661354581673,0.99375,0.7737226277372263,0.6292073427679562,0.6364366046962138,16.07762481020081,3.5550991217745493,0.9614080303852416,0.4013053208345216,4.240786882898267e-16,1.4135956276327555e-16,0.0
安徽,CEG,Harmonic,annulus,96,0.5956521739130435,0.85625,0.7025641025641024,0.6094189470749553,0.6432721032994076,20.640075848216828,1.978371276840643,0.919139989148128,0.669529584027701,0.0,3.673585310895937e-16,0.0
安徽,CEG,Harmonic,disk,96,0.6255144032921811,0.95,0.7543424317617866,0.6378051807243467,0.6473278103398433,16.278105658964883,3.1674049295716675,0.9160743353228432,0.658165739141948,0.0,9.89516939342929e-16,0.0
安徽,CEG,Regular Topology,annulus,96,0.4571428571428571,0.7,0.5530864197530864,0.466373072405355,0.4897637030063359,31.697616288803463,3.8196384230972256,0.9601871947911016,0.7461538380164268,0.0006034919213861,0.0010241936175718,0.0
安徽,CEG,Regular Topology,disk,96,0.4169491525423728,0.76875,0.5406593406593405,0.4402692565962637,0.449798598303462,33.341897036149945,3.819638423097224,0.9601871947911016,0.5550023985971928,0.0002983924110205,0.0006087787241072,0.0
广东,CEG,Area-balanced,annulus,108,0.4801444043321299,0.7348066298342542,0.5807860262008734,0.5015127716690474,0.5413127309437072,21.720682090046967,2.756323273650807,0.982308725599474,1.7908902357892509,0.0,1.102075593268781e-15,0.0
广东,CEG,Area-balanced,disk,108,0.5551724137931034,0.8895027624309392,0.6836518046709129,0.5546092960604503,0.5545486262747313,18.75461852350128,5.4691183459257315,0.9868053769279868,1.3949487997948804,1.696314753159307e-15,8.481573765796536e-16,0.0
广东,CEG,Direct Polar,annulus,108,0.6988416988416989,1.0,0.8227272727272728,0.7136013219873298,0.7244660443868683,19.92634703633708,1.3643812731214595,0.9717339735345394,2.8113463086495485,0.0,0.2626602441038589,4.0
广东,CEG,Direct Polar,disk,108,0.7637130801687764,1.0,0.8660287081339713,0.7679044539338656,0.7642559631074554,15.68737283106847,2.8651638186253563,0.9696380767288768,0.9177870724345925,0.0,0.2741797857883707,3.0
广东,CEG,GeoAnnulus-Final,annulus,108,0.568904593639576,0.8895027624309392,0.6939655172413793,0.5705548936166841,0.58964956874877,20.59655880779655,2.505372510800638,0.9772785732658836,1.97006766822545,9.183963277239842e-16,0.0,0.0
广东,CEG,GeoDisk-Final,disk,108,0.6137931034482759,0.9834254143646408,0.7558386411889597,0.6015622665612943,0.5918158613891107,16.970127063066045,6.139732532883931,0.9849190698028903,1.3675138725216784,0.0,5.654382510531023e-16,0.0
广东,CEG,Harmonic,annulus,108,0.4785992217898833,0.6795580110497238,0.5616438356164384,0.465050549028407,0.516877140310134,27.277869602414224,2.022555059475674,0.7539607686225194,2.2192709705404923,0.0,3.673585310895937e-16,0.0
广东,CEG,Harmonic,disk,108,0.460377358490566,0.6740331491712708,0.547085201793722,0.457609921936118,0.4997865368929119,27.80091221464386,2.2663231480675115,0.7380700601141311,2.2946014206116048,0.0,9.89516939342929e-16,0.0
广东,CEG,Regular Topology,annulus,108,0.4710144927536231,0.7182320441988951,0.5689277899343546,0.4519382114432854,0.4693862524089116,32.44791168135755,5.191741984977325,0.9432297769775262,1.368395241764596,0.0018625812475914,0.0034182162518947,0.0
广东,CEG,Regular Topology,disk,108,0.4114285714285714,0.7955801104972375,0.5423728813559322,0.4286038456387487,0.4271110786730779,34.154455587700895,5.191741984977323,0.9557003629712194,1.2260109501627174,0.0010945901020454,0.002336910892053,0.0
广西,CEG,Area-balanced,annulus,142,0.5482093663911846,0.8024193548387096,0.6513911620294599,0.5663697309330785,0.6166413277858417,21.454170773344003,1.151249798430538,0.9888556154663436,0.4422220851759896,7.347170621791874e-16,3.673585310895937e-16,0.0
广西,CEG,Area-balanced,disk,142,0.59375,0.9193548387096774,0.7215189873417721,0.5915697875985784,0.6068702007015707,18.1515709546344,1.6832978133036385,0.9938724745437362,0.3248912650409974,1.4135956276327555e-16,1.1308765021062046e-15,0.0
广西,CEG,Direct Polar,annulus,142,0.6938202247191011,0.995967741935484,0.8178807947019868,0.7082875980011113,0.7149112314542039,19.153371601486757,0.8101514395925092,0.9713489986190018,2.1897245902856497,0.000892726006164,0.0360992554354231,5.0
广西,CEG,Direct Polar,disk,142,0.775,1.0,0.8732394366197184,0.7765893787252202,0.760318609104096,13.579083895561856,0.9500400342772174,0.9720698839667976,0.4384494960493295,0.0013393367342298,0.0496755664832765,3.0
广西,CEG,GeoAnnulus-Final,annulus,142,0.637883008356546,0.9233870967741936,0.7545304777594728,0.6436849409785506,0.6683761053271724,18.740651421017247,1.0829444894659257,0.9655064743467502,0.4492366723619121,0.0,1.4694341243583748e-15,0.0
广西,CEG,GeoDisk-Final,disk,142,0.6447368421052632,0.9879032258064516,0.7802547770700636,0.6412952409611155,0.641150350124813,14.097116593409682,1.8245990967043344,0.9743918053777209,0.3706854004237433,0.0,5.654382510531023e-16,0.0
广西,CEG,Harmonic,annulus,142,0.6096866096866097,0.8629032258064516,0.7145242070116861,0.6020327614450451,0.635947663787887,18.39653039554694,1.0250692319284798,0.9335905329312584,0.5427813267533887,0.0,0.0,0.0
广西,CEG,Harmonic,disk,142,0.6370967741935484,0.9556451612903226,0.7645161290322581,0.6393408410716984,0.6506948295629478,12.234342423665774,1.773478844828949,0.9307111827339576,0.5266974906260113,0.0098937910724758,0.0098937910724759,0.0
广西,CEG,Regular Topology,annulus,142,0.489010989010989,0.717741935483871,0.5816993464052287,0.4576170203182659,0.4934267364488576,31.24930776401716,2.614339996812524,0.9668183180319831,0.6966177621488359,0.0003157894913856,0.0004765016730333,0.0
广西,CEG,Regular Topology,disk,142,0.4121338912133891,0.7943548387096774,0.5426997245179064,0.4235666641855429,0.4283905812103318,33.154048228798914,2.6143399968125234,0.9668183180319831,0.5559650137753697,0.0001838488448722,0.0003185804951055,0.0
江西,CEG,Area-balanced,annulus,107,0.5767790262172284,0.8191489361702128,0.676923076923077,0.6067188713893092,0.650588723902002,19.903778318698127,1.497769527860294,0.9824252042555692,0.5546763432710796,1.8367926554479683e-16,7.347170621791874e-16,0.0
江西,CEG,Area-balanced,disk,107,0.6293706293706294,0.9574468085106383,0.759493670886076,0.6314568654256799,0.6452641442345437,15.801032701774744,3.0432867454076424,0.9926428809341876,0.439071881807574,0.0,1.696314753159307e-15,0.0
江西,CEG,Direct Polar,annulus,107,0.704119850187266,1.0,0.8263736263736264,0.7301873055573036,0.73482157333065,17.397848756846216,0.7878340999082742,0.9779286428025628,2.1698022376430255,0.0,0.0297138499531916,1.0
江西,CEG,Direct Polar,disk,107,0.7768595041322314,1.0,0.8744186046511627,0.7856043915174872,0.7847375606970427,12.401595278762032,1.1756505331485756,0.9801230431630716,0.6343926398804117,0.0,0.0396664306879135,1.0
江西,CEG,GeoAnnulus-Final,annulus,107,0.6518518518518519,0.9361702127659576,0.7685589519650656,0.661353850626803,0.6862789944263747,18.842949781038783,1.7362958465304268,0.9629401046258744,0.576338369055093,1.102075593268781e-15,1.4694341243583748e-15,0.0
江西,CEG,GeoDisk-Final,disk,107,0.6619718309859155,1.0,0.7966101694915254,0.6708418718003222,0.6759663502779831,13.827840377738845,3.112161758530374,0.9751366602010229,0.4873807481214918,0.0,0.0,0.0
江西,CEG,Harmonic,annulus,107,0.6168582375478927,0.8563829787234043,0.7171492204899778,0.6193605544809245,0.653662539505073,19.208400570282183,1.587774335979467,0.914937596739748,0.7008742366413182,0.0,1.6531133899031716e-15,0.0
江西,CEG,Harmonic,disk,107,0.6436363636363637,0.9414893617021276,0.7645788336933046,0.6541365123414602,0.6637666294171377,14.53732481122276,3.0586366597038124,0.9049158486647464,0.6558311651885634,1.4135956276327555e-16,1.4135956276327558e-15,0.0
江西,CEG,Regular Topology,annulus,107,0.4688644688644688,0.6808510638297872,0.5553145336225597,0.4621996563350855,0.4870242166263439,35.501192735798035,3.925667304766115,0.9561021963596466,0.8936037006197495,0.0015225926110494,0.0020654187021395,0.0
江西,CEG,Regular Topology,disk,107,0.4051724137931034,0.75,0.5261194029850746,0.4349673420192829,0.4448812505978288,35.020543698592014,3.925667304766114,0.9602166970356004,0.780358940924448,0.0008834811664852,0.0013686327454833,0.0
浙江,CEG,Area-balanced,annulus,65,0.62,0.8454545454545455,0.7153846153846155,0.6731316878459056,0.7490521593794157,18.026041233284342,1.5762650041595072,0.9412150349650348,0.2849172018428653,5.510377966343905e-16,0.0,0.0
浙江,CEG,Area-balanced,disk,65,0.6428571428571429,0.9818181818181818,0.776978417266187,0.6519784370058245,0.6632690368984788,12.583652107135274,2.8440690700289237,0.9642045454545456,0.2488698494533085,0.0,8.481573765796536e-16,0.0
浙江,CEG,Direct Polar,annulus,65,0.7692307692307693,1.0,0.8695652173913044,0.8117054564339632,0.8287174328789619,14.834030217740102,1.2119587152020357,0.9816433566433566,1.6284495691047394,6.3442284448040355e-06,0.1205478653988661,0.0
浙江,CEG,Direct Polar,disk,65,0.8088235294117647,1.0,0.8943089430894309,0.8078246991821653,0.805693322419349,8.602189309007256,1.4764076519145055,0.982736013986014,0.3070844263055776,5.11527428221468e-06,0.1645529064394698,0.0
浙江,CEG,GeoAnnulus-Final,annulus,65,0.6451612903225806,0.9090909090909092,0.7547169811320754,0.6590869611058942,0.6946146478004469,14.560860082187714,1.6814067319578283,0.9159965034965036,0.2940461418409524,0.0,7.347170621791874e-16,0.0
浙江,CEG,GeoDisk-Final,disk,65,0.650887573964497,1.0,0.7885304659498208,0.6573721305949218,0.6677065289237271,7.233716642910035,2.671938497863552,0.8864510489510489,0.296383648839186,4.240786882898267e-16,1.2722360648694805e-15,0.0
浙江,CEG,Harmonic,annulus,65,0.6513157894736842,0.9,0.7557251908396946,0.6716542833076531,0.7146536429743127,14.404498485114733,1.3125489792463907,0.914291958041958,0.4299154442560819,0.0,1.102075593268781e-15,0.0
浙江,CEG,Harmonic,disk,65,0.6547619047619048,1.0,0.7913669064748202,0.6597329422317516,0.6679454713737893,7.052702039368732,2.2427484591837237,0.8832167832167832,0.3782146155855077,4.240786882898267e-16,1.696314753159307e-15,0.0
浙江,CEG,Regular Topology,annulus,65,0.5393939393939394,0.8090909090909091,0.6472727272727272,0.5269281223468815,0.5428561164655447,30.42571088257566,5.573313944040408,0.9531468531468532,0.7160622645905493,0.0019247855108632,0.0028070879484547,0.0
浙江,CEG,Regular Topology,disk,65,0.4946808510638298,0.8454545454545455,0.6241610738255033,0.4932355194436849,0.5071323434933152,27.472991706480705,5.573313944040409,0.9658216783216784,0.5604877746796033,0.0011848399062666,0.0019010975606181,0.0
湖北,CEG,Area-balanced,annulus,130,0.4924012158054711,0.72,0.5848375451263538,0.5167574305777243,0.5606862404985087,22.94035659941012,1.7073360022687256,0.985661418290568,0.7333134391208632,0.0,1.8367926554479684e-15,0.0
湖北,CEG,Area-balanced,disk,130,0.5619596541786743,0.8666666666666667,0.6818181818181819,0.5527420763285023,0.5606685684316987,21.161069271867984,3.340604829533866,0.9935162299089156,0.6141467044118202,1.2722360648694805e-15,1.4135956276327555e-16,0.0
湖北,CEG,Direct Polar,annulus,130,0.6696428571428571,1.0,0.802139037433155,0.6829594587757245,0.6865782664778889,21.91641539883225,1.3235915164532714,0.9647735186879516,2.412799065221795,0.0014537244405329,0.0341179456994238,7.0
湖北,CEG,Direct Polar,disk,130,0.7124600638977636,0.9911111111111112,0.8289962825278812,0.7113096230394993,0.7022954805479934,18.668197510323605,1.64454835853788,0.9624356470797087,0.8712937288397645,0.0021470179177753,0.0460444226183451,9.0
湖北,CEG,GeoAnnulus-Final,annulus,130,0.5975609756097561,0.8711111111111111,0.7088607594936708,0.5965785802050131,0.6245062530729456,21.08649667080159,1.262302969434641,0.9529913012604296,0.9267175071141432,3.673585310895937e-16,0.0,0.0
湖北,CEG,GeoDisk-Final,disk,130,0.6114285714285714,0.9511111111111112,0.7443478260869564,0.6127335906333883,0.6228006420322478,17.354597340481828,2.9824492259617763,0.9600431523030492,0.6958022276263262,1.1308765021062046e-15,5.654382510531023e-16,0.0
湖北,CEG,Harmonic,annulus,130,0.5379746835443038,0.7555555555555555,0.6284658040665434,0.5346873303331777,0.5669386892938258,23.057950859626015,1.2931410608813152,0.8762129757336574,0.9130393474322818,0.0,2.0204719209927652e-15,0.0
湖北,CEG,Harmonic,disk,130,0.5542168674698795,0.8177777777777778,0.6606822262118491,0.5555089261360423,0.5836871710739094,19.30091573164628,2.674524918220203,0.8663207199333597,0.9166961173156206,0.0,1.8376743159225824e-15,0.0
湖北,CEG,Regular Topology,annulus,130,0.4341317365269461,0.6444444444444445,0.5187835420393561,0.4142794236856927,0.4308155635422201,33.44601092595365,3.0806143839062683,0.960944434581928,0.871925872497672,0.0006242644123524,0.0009344727460296,0.0
湖北,CEG,Regular Topology,disk,130,0.3690205011389522,0.72,0.4879518072289156,0.3896436986873666,0.3943586956572665,36.09104880423567,3.0806143839062674,0.960944434581928,0.7953887591244893,0.0003425750418074,0.0006275606430642,0.0
湖南,CEG,Area-balanced,annulus,137,0.5804597701149425,0.8347107438016529,0.6847457627118645,0.5934783434484006,0.6340802798430385,20.787812409780855,1.2811971873210342,0.9919633356357456,0.4249977530606599,9.183963277239842e-16,0.0,0.0
湖南,CEG,Area-balanced,disk,137,0.6294277929155313,0.9545454545454546,0.7586206896551725,0.6371082453750078,0.6396667023187445,15.883289381356226,1.7516297379685069,0.9967984020012322,0.2731353575162722,4.240786882898267e-16,5.654382510531023e-16,0.0
湖南,CEG,Direct Polar,annulus,137,0.7038123167155426,0.9917355371900828,0.823327615780446,0.7146751853701979,0.7239618300718912,19.119706737086354,0.7082722797023392,0.9793902962644911,2.190723597866528,0.0032255121393101,0.0176539838891547,3.0
湖南,CEG,Direct Polar,disk,137,0.7619047619047619,0.9917355371900828,0.8617594254937163,0.7617867128816034,0.7577631404101333,12.09942804922245,1.015785350716898,0.9615061511751636,0.4962069073867782,0.00028389166613,0.0233432279113845,3.0
湖南,CEG,GeoAnnulus-Final,annulus,137,0.6491228070175439,0.9173553719008264,0.7602739726027398,0.6511536841851411,0.6724421559543837,18.258416429066227,1.505432933818234,0.9402990647226838,0.6094188751705556,0.0,5.510377966343905e-16,0.0
湖南,CEG,GeoDisk-Final,disk,137,0.6584699453551912,0.9958677685950412,0.7927631578947367,0.6592319911826815,0.6592964318020283,12.447515650650768,3.7329551610344,0.9785082233464631,0.3242384454847633,7.067978138163779e-16,2.8271912552655115e-15,0.0
湖南,CEG,Harmonic,annulus,137,0.6242603550295858,0.871900826446281,0.7275862068965517,0.6257124398053416,0.6552613626433712,18.59013332660348,1.3538418514255015,0.9405370843989768,0.5830571726814082,1.4694341243583748e-15,1.102075593268781e-15,0.0
湖南,CEG,Harmonic,disk,137,0.6454293628808865,0.962809917355372,0.7728026533996684,0.6580558897147788,0.6741723763221278,13.709221291045308,5.460231948295701,0.9271939813691265,0.5176815225989045,0.0,1.4135956276327558e-15,0.0
湖南,CEG,Regular Topology,annulus,137,0.5071225071225072,0.7355371900826446,0.6003372681281619,0.4891572988575414,0.519765657339601,28.96100003031945,2.4822473057736434,0.9608247615136184,0.6346204709093224,0.0002389681648204,0.000384601264955,0.0
湖南,CEG,Regular Topology,disk,137,0.4351648351648352,0.8181818181818182,0.5681492109038738,0.4564745564413022,0.4553946548710927,30.902652109630296,2.482247305773643,0.9608247615136184,0.4607059872269319,0.000130270596457,0.0002477646208373,0.0
福建,CEG,Area-balanced,annulus,74,0.5625,0.792,0.6578073089700996,0.5901363042423414,0.6537578034444081,20.76800644356673,1.8680986454180424,0.9658200666419844,0.4725768655353229,1.8367926554479683e-16,0.0,0.0
福建,CEG,Area-balanced,disk,74,0.6335078534031413,0.968,0.7658227848101266,0.6319253104276324,0.6315352003727006,16.13443936265234,3.178296781188513,0.9753572750833024,0.3976661636685955,0.0,7.067978138163779e-16,0.0
福建,CEG,Direct Polar,annulus,74,0.6906077348066298,1.0,0.8169934640522877,0.7178546179219217,0.7210659817267474,16.85839761466339,0.9137541376024272,0.9875009255831172,1.8310557502923792,5.64384997573927e-06,0.1018188305250015,0.0
福建,CEG,Direct Polar,disk,74,0.7716049382716049,1.0,0.8710801393728224,0.7753229435311478,0.754216612286543,11.784091706553744,1.4523812337682735,0.9876194002221396,0.4017600162872126,4.492580138640671e-06,0.1389854582958953,0.0
福建,CEG,GeoAnnulus-Final,annulus,74,0.6647398843930635,0.92,0.7718120805369127,0.6841557268027857,0.7101116670448845,17.37771444679543,1.221970803177136,0.9606960385042574,0.6122162043052363,9.183963277239842e-16,7.347170621791874e-16,0.0
福建,CEG,GeoDisk-Final,disk,74,0.6578947368421053,1.0,0.7936507936507937,0.6628024091259387,0.6492640981427019,12.655822126839375,2.953860083474787,0.9574083672713808,0.4817032627071205,0.0,1.2722360648694805e-15,0.0
福建,CEG,Harmonic,annulus,74,0.615819209039548,0.872,0.7218543046357616,0.626546128635912,0.6694398752531961,17.741867487364967,1.430131323046665,0.9106405035172156,0.6254628998065886,0.0,7.347170621791874e-16,0.0
福建,CEG,Harmonic,disk,74,0.6329787234042553,0.952,0.7603833865814698,0.6493921591638311,0.6563712058332568,12.09818742749578,4.026970704697494,0.8974898185857089,0.5643412166505553,0.0,8.481573765796536e-16,0.0
福建,CEG,Regular Topology,annulus,74,0.526595744680851,0.792,0.6325878594249202,0.5016924128673692,0.5060322375566495,30.390073095894845,5.118493987979122,0.9558089596445758,0.7152812557770781,0.0020354953031979,0.0027954043027807,0.0
福建,CEG,Regular Topology,disk,74,0.4837209302325581,0.832,0.6117647058823529,0.4680422878832826,0.4803907309619747,30.072022693891405,5.118493987979119,0.9641910403554238,0.6513417962904775,0.0012610751540596,0.0019880101789317,0.0
NASA-Exoplanet-SkyGrid,NASA Exoplanet,Area-balanced,annulus,162,0.5527638190954773,0.7189542483660131,0.6249999999999999,0.5375212511034091,0.5783202278643419,20.00878991617148,1.022445103302907,0.9533062985927144,0.9161665602986968,0.0025614905274001,2.5715097176271556e-15,0.0
NASA-Exoplanet-SkyGrid,NASA Exoplanet,Area-balanced,disk,162,0.6557788944723618,0.8529411764705882,0.7414772727272727,0.6534283697166394,0.6712479905410058,9.196587820505677,2.6826980537714475,0.9662459496114076,0.9175796350433384,0.0028239641678274,4.240786882898267e-16,0.0
NASA-Exoplanet-SkyGrid,NASA Exoplanet,Direct Polar,annulus,162,0.2073059360730593,0.7418300653594772,0.3240542469664525,0.2282015080798047,0.2245258542067756,41.948062643365645,12.181140318525102,0.2582505840300203,7.123275425410666,0.0,0.0032057546957801,128.0
NASA-Exoplanet-SkyGrid,NASA Exoplanet,Direct Polar,disk,162,0.2073059360730593,0.7418300653594772,0.3240542469664525,0.2282015080798047,0.2245258542067756,41.948062643365645,12.181140318525102,0.2582505840300203,7.123275425410666,0.0,0.0024671488138729,128.0
NASA-Exoplanet-SkyGrid,NASA Exoplanet,GeoAnnulus-Final,annulus,162,0.6095238095238096,0.8366013071895425,0.7052341597796143,0.6244450326528569,0.6439601956808425,24.7985121462789,1.3334451099623446,0.9099497301399962,0.9691873266924076,3.4899060453511404e-15,0.0,0.0
NASA-Exoplanet-SkyGrid,NASA Exoplanet,GeoDisk-Final,disk,162,0.6505747126436782,0.9248366013071896,0.7638326585695007,0.6420298001431185,0.6343721617376853,18.49041870624086,2.6176407063233995,0.9608156458083256,0.9608674678390434,1.5549551903960316e-15,1.4135956276327555e-16,0.0
NASA-Exoplanet-SkyGrid,NASA Exoplanet,Harmonic,annulus,162,0.4317617866004963,0.5686274509803921,0.4908321579689703,0.3975526592928967,0.4346052970943221,52.28771228527565,8.08336678905663,0.0014848560490503,1.0706478489739433,0.010471175328111,1.8367926554479683e-16,0.0
NASA-Exoplanet-SkyGrid,NASA Exoplanet,Harmonic,disk,162,0.4503464203233256,0.6372549019607843,0.5277401894451962,0.4743326467539719,0.486400616728281,48.7763991372796,10.13175311357544,0.0890251668257708,0.784379675856385,0.0,8.481573765796536e-16,0.0
NASA-Exoplanet-SkyGrid,NASA Exoplanet,Regular Topology,annulus,162,0.551980198019802,0.7287581699346405,0.6281690140845071,0.4978118345912164,0.4837824777964066,32.34826290269059,3.646133274005491,0.9635642754850184,1.1016296997490926,0.0023563286455035,0.0029524539957124,2.0
NASA-Exoplanet-SkyGrid,NASA Exoplanet,Regular Topology,disk,162,0.4897540983606557,0.7810457516339869,0.6020151133501259,0.4677748667876507,0.4353172551988721,30.454807659062237,3.6461332740054897,0.97421187588923,1.322677329748573,0.0013783268415833,0.0021106670217311,2.0
NCEP-AirTemp-Africa-2000,NCEP,Area-balanced,annulus,401,0.4165120593692022,0.6059379217273954,0.4936778449697636,0.4284420939275299,0.4785794842408225,25.936763267744148,0.403200296108084,0.9803483464910798,0.950368953225304,0.0056660756495278,7.347170621791874e-16,0.0
NCEP-AirTemp-Africa-2000,NCEP,Area-balanced,disk,401,0.4841417910447761,0.7004048582995951,0.5725317153888582,0.4917434601110444,0.5191493022295367,24.69282814584271,0.664657174140815,0.992887935809412,0.8246196793301133,0.0064148714739527,5.654382510531023e-16,0.0
NCEP-AirTemp-Africa-2000,NCEP,Direct Polar,annulus,401,0.2340842311459353,0.9676113360323888,0.3769716088328075,0.4741931854926375,0.452187214577787,34.45203176708817,7.325239495776598,0.8267700954017343,5.108069957835253,0.0868737854712393,0.0195753405230936,148.0
NCEP-AirTemp-Africa-2000,NCEP,Direct Polar,disk,401,0.2370419280290525,0.9689608636977058,0.3809018567639257,0.4506390488873638,0.4265188767599812,35.26288215765391,8.28049400016495,0.8190004499851071,1.9212461882619336,0.0911420707021101,0.0289115657458975,148.0
NCEP-AirTemp-Africa-2000,NCEP,GeoAnnulus-Final,annulus,401,0.5576208178438662,0.8097165991902834,0.6604292790313705,0.5480693195134366,0.5769400416327435,21.769605300640748,1.3282668796050137,0.8353170048837486,0.9224220149881884,1.8367926554479683e-16,1.2857548588135778e-15,0.0
NCEP-AirTemp-Africa-2000,NCEP,GeoDisk-Final,disk,401,0.5906221821460775,0.8839406207827261,0.7081081081081082,0.5871242561396568,0.6057825411148277,17.94017727983392,3.2517832574644485,0.8292087801271198,0.8528434403369131,4.240786882898267e-16,2.827191255265511e-16,0.0
NCEP-AirTemp-Africa-2000,NCEP,Harmonic,annulus,401,0.5448658649398704,0.7948717948717948,0.646542261251372,0.5414463756581196,0.5648754149494066,21.78205248858769,1.2459196272062243,0.8295531421530542,0.8954458641063424,0.0170942470976808,9.183963277239842e-16,0.0
NCEP-AirTemp-Africa-2000,NCEP,Harmonic,disk,401,0.5851449275362319,0.8717948717948718,0.7002710027100271,0.5826058662344777,0.5993081519861545,17.82879994393742,3.197490690400416,0.8262994135922376,0.851218419529012,0.0005708353325199,7.067978138163779e-16,0.0
NCEP-AirTemp-Africa-2000,NCEP,Regular Topology,annulus,401,0.3724928366762177,0.5263157894736842,0.4362416107382549,0.3194298102240063,0.3438472259026248,36.29668581071269,1.6181957690387476,0.9656671070970811,2.146433711276542,0.0109146871686136,0.0124794476245004,18.0
NCEP-AirTemp-Africa-2000,NCEP,Regular Topology,disk,401,0.26321905868681,0.611336032388664,0.3679935012185215,0.2822564195359284,0.2673187067051393,39.33726927693293,1.6181957690387485,0.971192754937143,2.832640724675024,0.0073801829843455,0.0095816985926086,18.0
NE-Admin0-Africa,Natural Earth,Area-balanced,annulus,50,0.5754716981132075,0.5596330275229358,0.5674418604651162,0.4937373350853092,0.6405949412535017,24.9050636940819,2.209943141310861,0.9023490093810742,0.9224841569151152,0.0,7.347170621791874e-16,0.0
NE-Admin0-Africa,Natural Earth,Area-balanced,disk,50,0.5862068965517241,0.6238532110091743,0.6044444444444446,0.5780561345745086,0.682847311813415,21.200182244596224,3.5965697789424547,0.9633795557782768,0.7567419828766077,1.8376743159225824e-15,7.067978138163779e-16,0.0
NE-Admin0-Africa,Natural Earth,Direct Polar,annulus,50,0.45,0.9908256880733946,0.6189111747851003,0.5433275007473365,0.5731481912986396,29.69344920615532,4.949399716770467,0.9156524061295496,3.5012945647209412,0.0169209018473843,0.0083505168256208,29.0
NE-Admin0-Africa,Natural Earth,Direct Polar,disk,50,0.45,0.9908256880733946,0.6189111747851003,0.5433275007473365,0.5731481912986396,29.370720653316315,5.593024999586212,0.91089425692754,1.9650701586025092,0.0190516601004333,0.0113319560565263,29.0
NE-Admin0-Africa,Natural Earth,GeoAnnulus-Final,annulus,50,0.6206896551724138,0.6605504587155964,0.6400000000000001,0.5424469395518259,0.6620767629559208,25.962358895455253,3.6650807196896,0.8848700939451211,0.7233297781845762,7.347170621791874e-16,2.7551889831719528e-15,0.0
NE-Admin0-Africa,Natural Earth,GeoDisk-Final,disk,50,0.7235772357723578,0.8165137614678899,0.7672413793103449,0.6846186350629074,0.7754105859979846,22.71084068179805,5.948830629635264,0.9432302504840532,0.6618635397374643,1.696314753159307e-15,1.4135956276327558e-15,0.0
NE-Admin0-Africa,Natural Earth,Harmonic,annulus,50,0.5454545454545454,0.5504587155963303,0.547945205479452,0.5331234392990687,0.625974976171296,34.26628073398994,3.083873311033473,0.5675443003742208,0.8975414201948805,0.0104225200966369,3.673585310895937e-16,0.0
NE-Admin0-Africa,Natural Earth,Harmonic,disk,50,0.5585585585585585,0.5688073394495413,0.5636363636363636,0.536184193691141,0.6373799868398727,33.99896610398168,6.2366172358835374,0.5922439180215411,1.3302484818221618,0.0023299893451217,1.1308765021062046e-15,0.0
NE-Admin0-Africa,Natural Earth,Regular Topology,annulus,50,0.5398230088495575,0.5596330275229358,0.5495495495495495,0.4106883009777746,0.4955098314472584,40.65227502619815,13.76017388982424,0.7802393640437912,1.020274347303287,0.0163643681446173,0.0200940752286516,0.0
NE-Admin0-Africa,Natural Earth,Regular Topology,disk,50,0.5327868852459017,0.5963302752293578,0.5627705627705627,0.4389805322243403,0.5174732444227725,39.11888828129872,13.76017388982424,0.9004554602088457,1.1800034153964438,0.009999201582237,0.0142187847694847,0.0
Synthetic-concave_u,Synthetic,Area-balanced,annulus,172,0.5842696629213483,0.8754208754208754,0.7008086253369272,0.5907438683158313,0.591013627155055,19.315121740950666,1.1642374033122018,0.9467761937753512,1.5283586002237892,1.6531133899031716e-15,1.102075593268781e-15,0.0
Synthetic-concave_u,Synthetic,Area-balanced,disk,172,0.5969498910675382,0.9225589225589226,0.7248677248677249,0.5957549906995668,0.5892274086319788,21.995222906935393,4.0787264085588575,0.9631843432388238,1.3343995691438344,5.654382510531023e-16,1.696314753159307e-15,0.0
Synthetic-concave_u,Synthetic,Direct Polar,annulus,172,0.7694300518134715,1.0,0.8696925329428989,0.8066763121739183,0.8234711977955496,18.662317956672723,0.3605725648745914,0.9761651840283804,3.315596929112926,0.0,0.1640273436243568,0.0
Synthetic-concave_u,Synthetic,Direct Polar,disk,172,0.8070652173913043,1.0,0.8932330827067669,0.8301706402282848,0.8366281811719923,17.717388768727464,0.7627324779441811,0.9758327640887372,1.8932942523196712,4.240786882898267e-16,0.1578602419065955,0.0
Synthetic-concave_u,Synthetic,GeoAnnulus-Final,annulus,172,0.6363636363636364,0.9663299663299664,0.7673796791443851,0.6240125933546397,0.6055944443828003,19.38126590999889,0.9054761956444304,0.9585711743105322,1.7830352840420485,1.8367926554479683e-16,5.510377966343905e-16,0.0
Synthetic-concave_u,Synthetic,GeoDisk-Final,disk,172,0.625,0.9764309764309764,0.7621550591327202,0.6156535224272811,0.5983190309732076,20.34038512414176,4.019508906574513,0.959213334980182,1.3466478083563724,0.0,1.2722360648694805e-15,0.0
Synthetic-concave_u,Synthetic,Harmonic,annulus,172,0.3167539267015706,0.4074074074074074,0.3564064801178202,0.2835991401115377,0.3089987173112404,37.02401909909205,0.8914489430789185,0.2129751176874498,1.933634093554508,0.0082341829845447,9.183963277239842e-16,0.0
Synthetic-concave_u,Synthetic,Harmonic,disk,172,0.3194805194805195,0.4141414141414141,0.3607038123167155,0.3052313317817817,0.2809738118691748,35.814107975812824,0.8084258244906756,0.028540837491829,2.359790827858105,0.0078236635902739,1.1308765021062046e-15,0.0
Synthetic-concave_u,Synthetic,Regular Topology,annulus,172,0.4916467780429594,0.6936026936026936,0.5754189944134078,0.4060957651359402,0.3606027519239578,31.37057417546337,3.1469428962883814,0.9445268176451524,1.7449410827007887,0.0084259231875866,0.0102628780963322,1.0
Synthetic-concave_u,Synthetic,Regular Topology,disk,172,0.3493788819875776,0.7575757575757576,0.4782146652497343,0.3592179489762417,0.305114075007784,33.59694008349437,3.1469428962883823,0.9546761837414164,1.8942210473251644,0.0048514468369117,0.007005742078523,1.0
Synthetic-disconnected,Synthetic,Area-balanced,annulus,160,0.5903614457831325,0.8626760563380281,0.7010014306151645,0.5931841328549226,0.6015785675682442,17.835327717168884,0.7158706295559086,0.9937242787065144,1.008399688465235,0.0,1.8367926554479684e-15,0.0
Synthetic-disconnected,Synthetic,Area-balanced,disk,160,0.636150234741784,0.954225352112676,0.7633802816901408,0.6319214600454442,0.6186709668907007,15.640079826651167,1.6157998279033468,0.996995489689542,0.8854248769209668,0.0,1.5549551903960316e-15,0.0
Synthetic-disconnected,Synthetic,Direct Polar,annulus,160,0.7286821705426356,0.9929577464788732,0.8405365126676602,0.7595676233703518,0.7755779361545534,18.2839971477534,0.3662745207377736,0.9815639054279792,2.55568248157491,0.0015674131930971,0.0719069584205617,2.0
Synthetic-disconnected,Synthetic,Direct Polar,disk,160,0.8202898550724638,0.9964788732394366,0.8998410174880763,0.8349567904736732,0.8406925711788494,15.884138227445357,0.8514433576543874,0.9835398446751512,0.97621103088761,0.0,0.0781983375821853,1.0
Synthetic-disconnected,Synthetic,GeoAnnulus-Final,annulus,160,0.6037735849056604,0.9014084507042254,0.7231638418079096,0.6038861406056477,0.6058903511285493,19.006056633441517,1.1460764440011144,0.9885797320878976,0.9101034919561772,9.183963277239842e-16,1.8367926554479684e-15,0.0
Synthetic-disconnected,Synthetic,GeoDisk-Final,disk,160,0.6420323325635104,0.9788732394366196,0.7754532775453278,0.6357352345308687,0.6236261575905039,15.76572117638611,2.8422046842366933,0.9963808192685938,0.8287908029617326,0.0,1.4135956276327558e-15,0.0
Synthetic-disconnected,Synthetic,Harmonic,annulus,160,0.4100719424460431,0.602112676056338,0.4878744650499286,0.4209777930983743,0.4470286407875351,31.832193357015328,0.6878929741225324,0.5927454332622196,1.0945885589051174,0.0503345287712809,1.102075593268781e-15,0.0
Synthetic-disconnected,Synthetic,Harmonic,disk,160,0.4584382871536523,0.6408450704225352,0.5345080763582967,0.4576089760756123,0.470075333425311,28.095315433386286,1.1123568052027113,0.5967372839465955,1.118564665964337,0.0007002681222611,1.4135956276327558e-15,0.0
Synthetic-disconnected,Synthetic,Regular Topology,annulus,160,0.4425,0.6232394366197183,0.5175438596491228,0.3500156642011244,0.3436980437393304,32.903256241949485,3.255272900164362,0.9337867167314944,1.5901000083959316,0.0119230412650971,0.013944840631018,3.0
Synthetic-disconnected,Synthetic,Regular Topology,disk,160,0.3552397868561279,0.704225352112676,0.4722550177095632,0.3185556180724009,0.3010732056377206,33.77920698378029,3.2552729001643628,0.9483361929404432,1.887820928039631,0.0070129980903493,0.0095834756689443,3.0
Synthetic-disk_like,Synthetic,Area-balanced,annulus,149,0.597911227154047,0.8544776119402985,0.7035330261136712,0.6247183996641162,0.6593898752864357,16.44278701594968,0.272373639369623,0.9924143465297878,0.3069678155238178,5.510377966343905e-16,9.183963277239842e-16,0.0
Synthetic-disk_like,Synthetic,Area-balanced,disk,149,0.6633663366336634,1.0,0.7976190476190476,0.672779804676661,0.6834032462789968,9.328424250518784,0.3101989284698057,0.9810897097426972,0.0292361066709469,0.0,1.2722360648694805e-15,0.0
Synthetic-disk_like,Synthetic,Direct Polar,annulus,149,0.7204301075268817,1.0,0.8375,0.7509079901105168,0.7566829508258092,15.524869798677637,0.1237436383043319,0.9800549799729316,2.3086498143824077,1.8367926554479683e-16,0.0034084004169655,0.0
Synthetic-disk_like,Synthetic,Direct Polar,disk,149,1.0,1.0,1.0,1.0,1.0,4.642886398994796,0.1569279301937828,0.980122693115612,0.2094666379068562,2.827191255265511e-16,0.0026231049608975,0.0
Synthetic-disk_like,Synthetic,GeoAnnulus-Final,annulus,149,0.6282722513089005,0.8955223880597015,0.7384615384615384,0.6421324088712502,0.6742553550637803,15.36434274666712,0.6177331279446344,0.9837718090070412,0.304237297802202,0.0,1.2857548588135778e-15,0.0
Synthetic-disk_like,Synthetic,GeoDisk-Final,disk,149,0.6633663366336634,1.0,0.7976190476190476,0.6712845050379076,0.6790769182883432,8.088889505698537,0.2119757245088865,0.9800605384479611,0.0312895130474,8.481573765796536e-16,8.481573765796536e-16,0.0
Synthetic-disk_like,Synthetic,Harmonic,annulus,149,0.6467532467532467,0.9291044776119404,0.7626339969372128,0.6517124181345929,0.6854115384268366,12.436880736303143,0.2364656059283151,0.9762266939965548,0.2547719407538732,0.0251769380557726,7.347170621791874e-16,0.0
Synthetic-disk_like,Synthetic,Harmonic,disk,149,0.6568627450980392,1.0,0.7928994082840237,0.6700188986182296,0.6779805551406407,3.286727091667678,0.1552976173512575,0.9781674653686282,0.2153576390222506,0.0,1.5549551903960316e-15,0.0
Synthetic-disk_like,Synthetic,Regular Topology,annulus,149,0.5414507772020726,0.7798507462686567,0.6391437308868502,0.5523604475677388,0.5809895580952904,28.07193147282528,2.2234905937886396,0.9715491447345737,0.7196663520770313,0.0001300759205984,0.0002715098561679,5.0
Synthetic-disk_like,Synthetic,Regular Topology,disk,149,0.4626262626262626,0.8544776119402985,0.6002621231979031,0.4975454113605723,0.4902843246512769,27.886352801224383,2.2234905937886396,0.9717314165008148,0.4170976072754599,6.682602960360571e-05,0.0001528192987172,5.0
Synthetic-elongated,Synthetic,Area-balanced,annulus,203,0.5425330812854442,0.7756756756756756,0.6384872080088987,0.5425939638399281,0.5645282358414945,22.26702762285534,0.9593124199981038,0.9698155709680032,1.247738621605156,1.8367926554479683e-16,0.0,0.0
Synthetic-elongated,Synthetic,Area-balanced,disk,203,0.5884476534296029,0.8810810810810811,0.7056277056277057,0.5756244154746495,0.579408034832597,27.229898706954256,2.361466277927889,0.9800172639654582,1.1059386770404305,0.0,0.0,0.0
Synthetic-elongated,Synthetic,Direct Polar,annulus,203,0.8008658008658008,1.0,0.889423076923077,0.8303228662255031,0.83416929616482,21.01171122766764,0.3754847507831151,0.9721530772887576,3.062974128877376,0.0,0.006670876912242,0.0
Synthetic-elongated,Synthetic,Direct Polar,disk,203,0.7939914163090128,1.0,0.8851674641148326,0.8156089984972534,0.8163836146535854,23.405827183537397,1.7306209401084125,0.9735918967896966,1.249699407424416,0.0,0.0051339068716621,0.0
Synthetic-elongated,Synthetic,GeoAnnulus-Final,annulus,203,0.5425330812854442,0.7756756756756756,0.6384872080088987,0.538640821017244,0.5575501439024972,22.306233590871507,0.8676997064006592,0.9706705981861036,1.2617727651523305,1.2857548588135778e-15,0.0,0.0
Synthetic-elongated,Synthetic,GeoDisk-Final,disk,203,0.6129032258064516,0.9243243243243244,0.7370689655172414,0.6107380088730303,0.6123347796898311,28.29684622280817,2.4258229278573937,0.9737043727631758,1.1164268189503654,1.4135956276327555e-16,1.979033878685858e-15,0.0
Synthetic-elongated,Synthetic,Harmonic,annulus,203,0.5141242937853108,0.7378378378378379,0.6059933407325194,0.5126550696209978,0.5510256891555528,23.34177406785293,1.3295251851514225,0.9135376401631282,1.2810999370550529,0.0489523830482847,1.8367926554479683e-16,0.0
Synthetic-elongated,Synthetic,Harmonic,disk,203,0.5209125475285171,0.7405405405405405,0.6116071428571428,0.5121685551457342,0.5400997136497435,20.680570507292092,1.267031528527731,0.8968748933687598,1.3459720069057104,0.0,2.120393441449134e-15,0.0
Synthetic-elongated,Synthetic,Regular Topology,annulus,203,0.4375,0.6243243243243243,0.5144766146993318,0.3561719837191329,0.3719392183258468,38.30853249865487,1.8893450849913296,0.9674168743749142,1.5384051650479895,0.0010922242090344,0.0016199493691715,11.0
Synthetic-elongated,Synthetic,Regular Topology,disk,203,0.3170426065162907,0.6837837837837838,0.4332191780821918,0.328752496787576,0.3321616254236451,41.0451737437443,1.8893450849913307,0.9678234474769746,1.4054094190131532,0.0006299726074071,0.0010597940042996,11.0
Synthetic-hole,Synthetic,Area-balanced,annulus,264,0.576056338028169,0.8450413223140496,0.6850921273031825,0.5883833762413484,0.6029558210875366,19.15647037579751,0.6608668612080495,0.9828010743370073,1.2816928969760284,3.1225475142615464e-15,0.0,0.0
Synthetic-hole,Synthetic,Area-balanced,disk,264,0.6196403872752421,0.9256198347107438,0.7423363711681855,0.6195820407090888,0.6230934687689766,18.581119333602977,2.379447275030722,0.9931738433872718,1.153253628198365,0.0,1.5549551903960316e-15,0.0
Synthetic-hole,Synthetic,Direct Polar,annulus,264,0.7267267267267268,1.0,0.8417391304347827,0.7488901009121598,0.7551292321948415,18.992738656037275,0.1849937988793736,0.9881895032596392,3.246714298150354,0.0,0.0529224120750485,0.0
Synthetic-hole,Synthetic,Direct Polar,disk,264,0.7960526315789473,1.0,0.8864468864468864,0.810417277888429,0.8035805529308238,16.464757432590936,0.4525634384480205,0.9924264121013122,1.3534447786567343,2.827191255265511e-16,0.0421347302754286,0.0
Synthetic-hole,Synthetic,GeoAnnulus-Final,annulus,264,0.577683615819209,0.8450413223140496,0.686241610738255,0.5910011753304393,0.6043205606462512,19.28009399621305,0.5778926267567687,0.9845368026337348,1.3082699139770138,1.4694341243583748e-15,2.0204719209927652e-15,0.0
Synthetic-hole,Synthetic,GeoDisk-Final,disk,264,0.6419753086419753,0.9669421487603306,0.7716405605935697,0.6419720058436116,0.6425008339779706,17.398695683733074,2.1684573457181213,0.9891469213920986,1.1872061241127614,1.5549551903960316e-15,1.2722360648694805e-15,0.0
Synthetic-hole,Synthetic,Harmonic,annulus,264,0.351506456241033,0.506198347107438,0.4149026248941575,0.3990176788736163,0.4323172180573259,32.30805549615457,0.8763569823276209,0.6149426757628249,1.6499312713658236,0.0375987902278686,7.347170621791874e-16,0.0
Synthetic-hole,Synthetic,Harmonic,disk,264,0.3732193732193732,0.5413223140495868,0.4418212478920741,0.4104701429430551,0.4357333726938934,30.79911816130077,1.1740039268150977,0.6110247683128353,1.7736937895364138,0.0018532432645066,8.481573765796536e-16,0.0
Synthetic-hole,Synthetic,Regular Topology,annulus,264,0.4796992481203007,0.6590909090909091,0.5552654482158398,0.4122951823981464,0.4121918949333145,32.44047140582236,1.654721704306022,0.9585945567605229,1.8005353046978392,0.0022084349842713,0.0029169258846592,2.0
Synthetic-hole,Synthetic,Regular Topology,disk,264,0.3075,0.762396694214876,0.4382422802850356,0.3680353587214902,0.3264789917546582,34.36337912978293,1.6547217043060216,0.9607613871612768,1.7604048234205705,0.0012597567728641,0.0019162104157696,2.0
Synthetic-l_shape,Synthetic,Area-balanced,annulus,145,0.5361930294906166,0.78125,0.6359300476947536,0.5583174200051418,0.5816988365330138,21.54407354317659,1.4761328354196446,0.9817150283041376,1.2723675326382555,0.0,2.9388682487167496e-15,0.0
Synthetic-l_shape,Synthetic,Area-balanced,disk,145,0.596401028277635,0.90625,0.7193798449612402,0.5962469163536626,0.5931416311362157,22.60288447714896,4.696730080082089,0.984231271213727,1.0857303857110303,1.4135956276327558e-15,3.5339890690818896e-15,0.0
Synthetic-l_shape,Synthetic,Direct Polar,annulus,145,0.7420289855072464,1.0,0.8519134775374376,0.7754687216096953,0.7794422651191153,20.24935253507455,1.370765423063303,0.9814623291212912,2.812913506310218,0.0,0.0288414568009543,0.0
Synthetic-l_shape,Synthetic,Direct Polar,disk,145,0.7734138972809668,1.0,0.8722316865417377,0.7892054918498818,0.792532080401373,20.469732448586427,1.9450529892522876,0.9799173882303795,1.5144330393405534,1.4135956276327555e-16,0.0318934461570506,0.0
Synthetic-l_shape,Synthetic,GeoAnnulus-Final,annulus,145,0.5442359249329759,0.79296875,0.6454689984101749,0.5603077627826979,0.5827647094071705,23.86754913721667,1.6344351539291984,0.9795140546706126,1.2878574455292062,1.4694341243583748e-15,2.3878304520823588e-15,0.0
Synthetic-l_shape,Synthetic,GeoDisk-Final,disk,145,0.6478149100257069,0.984375,0.7813953488372093,0.6432275728494368,0.6344664842807227,21.005512476059117,3.921906206644167,0.9722845360838596,1.11083316412554,5.654382510531023e-16,2.403112566975685e-15,0.0
Synthetic-l_shape,Synthetic,Harmonic,annulus,145,0.3543307086614173,0.52734375,0.4238618524332809,0.4221694211110516,0.4446833008390237,32.897432765680335,1.1661882428922017,0.662748471250915,1.4182832279566735,0.0715991318491176,1.2857548588135778e-15,0.0
Synthetic-l_shape,Synthetic,Harmonic,disk,145,0.3546666666666667,0.51953125,0.4215530903328051,0.4193683393253578,0.4423896889267839,29.946728146845984,1.7612467612119236,0.6244060567345692,1.686992173207205,0.0028449663370733,2.5444721297389605e-15,0.0
Synthetic-l_shape,Synthetic,Regular Topology,annulus,145,0.4664879356568364,0.6796875,0.5532591414944357,0.4225002815759473,0.4135655782591574,37.089954469178,4.018512576837261,0.9608546432333328,1.3689255916203282,0.0023803418037575,0.0032145741038131,2.0
Synthetic-l_shape,Synthetic,Regular Topology,disk,145,0.4104803493449782,0.734375,0.5266106442577031,0.393195856607918,0.3770063537153297,37.397630892993,4.018512576837261,0.964405037050688,1.4214702444903424,0.0012662821753506,0.0021261652417676,2.0
