method,view,reference_policy,inclusion_threshold,cell_count,adj_f1,np2
Area-balanced,annulus,full_macro_cell,0.0,107.375,0.651055144239,0.5784615577997797
Area-balanced,annulus,full_macro_cell,0.25,106.0,0.6502237816834243,0.5789863061462819
Area-balanced,annulus,full_macro_cell,0.5,95.625,0.651715643653115,0.5865449464876297
Area-balanced,annulus,full_macro_cell,0.75,85.375,0.6510378018524724,0.589911514123628
Area-balanced,annulus,province_clipped,0.0,107.375,0.5764584001658237,0.38051829640290935
Area-balanced,annulus,province_clipped,0.25,106.0,0.5756191723033383,0.37936492389372506
Area-balanced,annulus,province_clipped,0.5,95.625,0.578444084203072,0.3871341453922591
Area-balanced,annulus,province_clipped,0.75,85.375,0.5745838592672412,0.3892581369121273
Area-balanced,disk,full_macro_cell,0.0,107.375,0.7342870985330512,0.6071199463229331
Area-balanced,disk,full_macro_cell,0.25,106.0,0.7353198084696785,0.6083564722934472
Area-balanced,disk,full_macro_cell,0.5,95.625,0.7464428804925194,0.6250478205379625
Area-balanced,disk,full_macro_cell,0.75,85.375,0.7542170153835664,0.6340908657517643
Area-balanced,disk,province_clipped,0.0,107.375,0.6426169849632477,0.40251939140245024
Area-balanced,disk,province_clipped,0.25,106.0,0.6425822103794555,0.40232114874369407
Area-balanced,disk,province_clipped,0.5,95.625,0.6495033699670401,0.41192932657347614
Area-balanced,disk,province_clipped,0.75,85.375,0.651702738344437,0.411519645582651
Direct Polar,annulus,full_macro_cell,0.0,107.375,0.8244166948840405,0.7230374917570281
Direct Polar,annulus,full_macro_cell,0.25,106.0,0.8245863447486731,0.7237839553452918
Direct Polar,annulus,full_macro_cell,0.5,95.625,0.8276808240580257,0.7320268259673873
Direct Polar,annulus,full_macro_cell,0.75,85.375,0.8294956888250629,0.7346790782213488
Direct Polar,annulus,province_clipped,0.0,107.375,0.7020101071062353,0.4455302874846482
Direct Polar,annulus,province_clipped,0.25,106.0,0.7020909223156107,0.44523709149097973
Direct Polar,annulus,province_clipped,0.5,95.625,0.7083771419168913,0.45178869834088303
Direct Polar,annulus,province_clipped,0.75,85.375,0.704878589610326,0.448043054991168
Direct Polar,disk,full_macro_cell,0.0,107.375,0.8623558854912692,0.7612407195056294
Direct Polar,disk,full_macro_cell,0.25,106.0,0.8630937425678187,0.7625982233289721
Direct Polar,disk,full_macro_cell,0.5,95.625,0.8701623133401053,0.7722378835635646
Direct Polar,disk,full_macro_cell,0.75,85.375,0.8728795164346184,0.7760996207970468
Direct Polar,disk,province_clipped,0.0,107.375,0.7282613390086863,0.46963953186152085
Direct Polar,disk,province_clipped,0.25,106.0,0.7286802956291818,0.4697238062638817
Direct Polar,disk,province_clipped,0.5,95.625,0.7342680168520526,0.4746689531086744
Direct Polar,disk,province_clipped,0.75,85.375,0.7340074708393379,0.4719242693400575
GeoAnnulus,annulus,full_macro_cell,0.0,107.375,0.6310758515925226,0.5537775865531007
GeoAnnulus,annulus,full_macro_cell,0.25,106.0,0.6299098294573791,0.5543125807734737
GeoAnnulus,annulus,full_macro_cell,0.5,95.625,0.629342770784073,0.5606822272455478
GeoAnnulus,annulus,full_macro_cell,0.75,85.375,0.6242898907771618,0.5603024903389862
GeoAnnulus,annulus,province_clipped,0.0,107.375,0.5492549460917022,0.3622465844745317
GeoAnnulus,annulus,province_clipped,0.25,106.0,0.5479986134530243,0.36081291266426796
GeoAnnulus,annulus,province_clipped,0.5,95.625,0.5507542987067965,0.3682645155186877
GeoAnnulus,annulus,province_clipped,0.75,85.375,0.5416127204511415,0.36551686528367805
GeoAnnulus-Final,annulus,full_macro_cell,0.0,107.375,0.7481371571694196,0.6397676028363044
GeoAnnulus-Final,annulus,full_macro_cell,0.25,106.0,0.7487327375056287,0.6405429152319354
GeoAnnulus-Final,annulus,full_macro_cell,0.5,95.625,0.7527508374675118,0.6516244468547638
GeoAnnulus-Final,annulus,full_macro_cell,0.75,85.375,0.751808219811735,0.657227706227004
GeoAnnulus-Final,annulus,province_clipped,0.0,107.375,0.6515243357498329,0.41337406521060516
GeoAnnulus-Final,annulus,province_clipped,0.25,106.0,0.6521597963039527,0.41325987873524134
GeoAnnulus-Final,annulus,province_clipped,0.5,95.625,0.6590807361428078,0.42175863628808524
GeoAnnulus-Final,annulus,province_clipped,0.75,85.375,0.654018913641788,0.4205004415038932
GeoDisk,disk,full_macro_cell,0.0,107.375,0.6536047255284027,0.54296776042189
GeoDisk,disk,full_macro_cell,0.25,106.0,0.6533708841462863,0.5449036631935791
GeoDisk,disk,full_macro_cell,0.5,95.625,0.6592331571629136,0.5575353673829372
GeoDisk,disk,full_macro_cell,0.75,85.375,0.6585743821628969,0.5601523021437905
GeoDisk,disk,province_clipped,0.0,107.375,0.5764077160448411,0.36802427292953244
GeoDisk,disk,province_clipped,0.25,106.0,0.5760081767676091,0.36808188931742586
GeoDisk,disk,province_clipped,0.5,95.625,0.5826411096661012,0.3778494826155809
GeoDisk,disk,province_clipped,0.75,85.375,0.5803466264601365,0.37720469200382367
GeoDisk-Final,disk,full_macro_cell,0.0,107.375,0.7803887204272386,0.6439995611462604
GeoDisk-Final,disk,full_macro_cell,0.25,106.0,0.7813412978660341,0.6463819970799974
GeoDisk-Final,disk,full_macro_cell,0.5,95.625,0.793878157296069,0.6655087815222804
GeoDisk-Final,disk,full_macro_cell,0.75,85.375,0.7991819717043159,0.6735219925930586
GeoDisk-Final,disk,province_clipped,0.0,107.375,0.6760345246775542,0.4216394379053357
GeoDisk-Final,disk,province_clipped,0.25,106.0,0.6764586174403091,0.4215006137938232
GeoDisk-Final,disk,province_clipped,0.5,95.625,0.6845116654435166,0.43063624072445517
GeoDisk-Final,disk,province_clipped,0.75,85.375,0.6830349001244421,0.4299742954383894
Harmonic,annulus,full_macro_cell,0.0,107.375,0.6911891090150944,0.5943078742639271
Harmonic,annulus,full_macro_cell,0.25,106.0,0.692041809335422,0.5949826022031998
Harmonic,annulus,full_macro_cell,0.5,95.625,0.7041765885021738,0.6090189869422565
Harmonic,annulus,full_macro_cell,0.75,85.375,0.7095225335922527,0.6127153407267321
Harmonic,annulus,province_clipped,0.0,107.375,0.6033925470608822,0.3868797628314565
Harmonic,annulus,province_clipped,0.25,106.0,0.6043487158292754,0.3862762028328172
Harmonic,annulus,province_clipped,0.5,95.625,0.6137666243216758,0.39708353417965647
Harmonic,annulus,province_clipped,0.75,85.375,0.6153779679421183,0.3967248776305336
Harmonic,disk,full_macro_cell,0.0,107.375,0.7269697211186098,0.6139477966650034
Harmonic,disk,full_macro_cell,0.25,106.0,0.7282630728631114,0.6144047824818191
Harmonic,disk,full_macro_cell,0.5,95.625,0.7436979132609811,0.6302322862653671
Harmonic,disk,full_macro_cell,0.75,85.375,0.7520066966276527,0.635670030670257
Harmonic,disk,province_clipped,0.0,107.375,0.6263689147515011,0.39336906133278887
Harmonic,disk,province_clipped,0.25,106.0,0.6271221376670301,0.39280042864139014
Harmonic,disk,province_clipped,0.5,95.625,0.6380261539094584,0.40408678585042124
Harmonic,disk,province_clipped,0.75,85.375,0.640338607859958,0.4038090322686707
Regular Topology,annulus,full_macro_cell,0.0,107.375,0.5822511858225493,0.4712731522824346
Regular Topology,annulus,full_macro_cell,0.25,106.0,0.5820356463502949,0.47293144606257187
Regular Topology,annulus,full_macro_cell,0.5,95.625,0.5862530260061277,0.48678158745900507
Regular Topology,annulus,full_macro_cell,0.75,85.375,0.5858997613058511,0.49310840796521577
Regular Topology,annulus,province_clipped,0.0,107.375,0.5107770806559775,0.3163963412763143
Regular Topology,annulus,province_clipped,0.25,106.0,0.5098863573455399,0.3173550391599589
Regular Topology,annulus,province_clipped,0.5,95.625,0.5157169361169086,0.32856770713963457
Regular Topology,annulus,province_clipped,0.75,85.375,0.5174181445932168,0.33357897851664914
Regular Topology,disk,full_macro_cell,0.0,107.375,0.5554847684198624,0.44185039636193435
Regular Topology,disk,full_macro_cell,0.25,106.0,0.554942542553691,0.4431468743721742
Regular Topology,disk,full_macro_cell,0.5,95.625,0.5551209758511454,0.45282740972726226
Regular Topology,disk,full_macro_cell,0.75,85.375,0.5512644364822844,0.4540314830382893
Regular Topology,disk,province_clipped,0.0,107.375,0.4964180949150324,0.3015536248723009
Regular Topology,disk,province_clipped,0.25,106.0,0.4954478658282375,0.3023321093758484
Regular Topology,disk,province_clipped,0.5,95.625,0.4983089123230852,0.3103003836643791
Regular Topology,disk,province_clipped,0.75,85.375,0.49711541726545,0.3116177230949468
