dataset,method,view,cell_count,weighted_adj_precision,weighted_adj_recall,weighted_adj_f1,weighted_edge_overlap,reference_internal_boundary,display_internal_boundary
湖北,Direct Polar,disk,130,0.9985193292822621,1.0,0.9992591161386116,0.2895312564999232,28.000678000081443,39.78689447883399
湖北,Direct Polar,annulus,130,0.9975169231424817,1.0,0.9987569182374626,0.2839140635744502,28.000678000081443,37.96912858835103
湖北,Harmonic,disk,130,0.7536741317096594,0.7571470233686454,0.755406586008972,0.18954260499929795,28.000678000081443,31.01671772926347
湖北,Harmonic,annulus,130,0.6895184634973467,0.7000054070119157,0.6947223619926629,0.17406209706664102,28.000678000081443,26.600748618744678
湖北,Area-balanced,disk,130,0.7020241841749616,0.8142876397495186,0.7540000769754359,0.18906330107180203,28.000678000081443,34.87438157983207
湖北,Area-balanced,annulus,130,0.6310690149168928,0.6571480162018241,0.6438445405102827,0.17343977171160943,28.000678000081443,29.212080097425307
湖北,Regular Topology,disk,130,0.5696586641044986,0.7285739295312176,0.6393899728488533,0.13387497662909517,28.000678000081443,31.148833136732787
湖北,Regular Topology,annulus,130,0.555718295036956,0.6714306703571983,0.6081190106314049,0.1382012238302082,28.000678000081443,19.143240827664602
湖北,GeoDisk,disk,130,0.6085057969735871,0.7000031927799977,0.6510555205079074,0.1523371302074395,28.000678000081443,29.462973600472708
湖北,GeoAnnulus,annulus,130,0.5748153285581591,0.6714324560284197,0.6193787023575251,0.13126395798715204,28.000678000081443,21.673017154169052
湖北,GeoDisk-Final,disk,130,0.761700470153622,0.9571433948850278,0.8483104122688492,0.18599504090873942,28.000678000081443,35.104502719588275
湖北,GeoAnnulus-Final,annulus,130,0.701700138378475,0.8714311132035628,0.7774091730836866,0.19722189011247082,28.000678000081443,27.44884424219125
湖南,Direct Polar,disk,137,0.9998945962148494,1.0,0.9999472953297889,0.30238424656952856,29.200750000091162,38.987724006054215
湖南,Direct Polar,annulus,137,0.9998301967349484,1.0,0.9999150911585749,0.28383316011152754,29.200750000091162,39.94522615167847
湖南,Harmonic,disk,137,0.8065171304528219,0.9452057224558305,0.8703712527319708,0.2346762556508747,29.200750000091162,34.742321219066646
湖南,Harmonic,annulus,137,0.6887259971922925,0.8767122762256626,0.7714319330852748,0.20734941248695118,29.200750000091162,29.070165674141347
湖南,Area-balanced,disk,137,0.7539350557653589,0.9726024160337505,0.8494215373221264,0.2352275936721308,29.200750000091162,36.33649771299588
湖南,Area-balanced,annulus,137,0.6260038684489726,0.8767130296307275,0.7304446350071535,0.19442344994094188,29.200750000091162,32.00632330523326
湖南,Regular Topology,disk,137,0.5987483869347536,0.808217117711189,0.6878899218561958,0.2151117767442719,29.200750000091162,34.44424028357213
湖南,Regular Topology,annulus,137,0.585016282334237,0.7808198077101651,0.6688830444723198,0.20069532609585425,29.200750000091162,21.810543549791017
湖南,GeoDisk,disk,137,0.6253538428216744,0.849314281311031,0.7203274294594927,0.20383338336287013,29.200750000091162,31.38707664115689
湖南,GeoAnnulus,annulus,137,0.6012260711080064,0.8082176656418747,0.6895224251156894,0.18925271637966823,29.200750000091162,25.289499084299216
湖南,GeoDisk-Final,disk,137,0.8380883237835222,0.9999998630172169,0.9119129484625814,0.2588232486005167,29.200750000091162,36.944500400123985
湖南,GeoAnnulus-Final,annulus,137,0.7424729063868484,0.9315067592441099,0.8263165258871683,0.2052193511801355,29.200750000091162,29.484920895695808
江西,Direct Polar,disk,107,0.9999172041305379,1.0,0.999958600351409,0.3284790425499321,22.800548000072705,33.053593803851754
江西,Direct Polar,annulus,107,0.9998627231271232,1.0,0.9999313568520032,0.3162837743355915,22.800548000072705,33.67780327017937
江西,Harmonic,disk,107,0.8223181929183615,0.9473675808143255,0.8804247721803186,0.2718214065351981,22.800548000072705,28.900563104924
江西,Harmonic,annulus,107,0.7373116861411537,0.8771923376577662,0.801192381083963,0.2597549127894902,22.800548000072705,25.035265200910494
江西,Area-balanced,disk,107,0.7712932731051959,0.9473688965721745,0.8503116784287841,0.2367727930480706,22.800548000072705,31.721164588876434
江西,Area-balanced,annulus,107,0.6451850809507874,0.8070184979764212,0.7170844398143422,0.21927027540218047,22.800548000072705,27.06515483044153
江西,Regular Topology,disk,107,0.6527074824934577,0.7543850261844691,0.6998726071454496,0.22300548570700998,22.800548000072705,25.383266033021474
江西,Regular Topology,annulus,107,0.6228865727812722,0.7017534841704737,0.659972224753862,0.21260852884406703,22.800548000072705,15.411699234157505
江西,GeoDisk,disk,107,0.606096771068584,0.8771919867887887,0.7168708425565287,0.1971982242397522,22.800548000072705,21.171895246468893
江西,GeoAnnulus,annulus,107,0.5909878190561225,0.8421021284220813,0.6945441228925429,0.25795586389240815,22.800548000072705,20.101559904812515
江西,GeoDisk-Final,disk,107,0.8438251462237671,1.0,0.9152984467664488,0.2727080829942898,22.800548000072705,31.392335081072474
江西,GeoAnnulus-Final,annulus,107,0.727715387486726,0.9473683702689047,0.8231403802596948,0.2686383281280577,22.800548000072705,26.92167878845655
广东,Direct Polar,disk,108,0.9998598305445533,1.0,0.9999299103600633,0.34781181190474814,26.00050200006963,29.204891284248056
广东,Direct Polar,annulus,108,0.9997823780423182,1.0,0.9998911771800416,0.3216549403389365,26.00050200006963,28.66150358425775
广东,Harmonic,disk,108,0.5830863342899735,0.5846181739108874,0.583851249337407,0.20047892677091883,26.00050200006963,26.292831989606018
广东,Harmonic,annulus,108,0.5720844155364925,0.6000034153188373,0.5857114017165219,0.17872578430449113,26.00050200006963,23.137687180797315
广东,Area-balanced,disk,108,0.6718671134429152,0.800003169169929,0.7303575951832236,0.1979961296609608,26.00050200006963,31.041628142574087
广东,Area-balanced,annulus,108,0.5964392535555645,0.6615422271463797,0.6273061379798779,0.17913984066060562,26.00050200006963,25.006845870457674
广东,Regular Topology,disk,108,0.5992082198725772,0.7538472911024742,0.667690999657156,0.1623900160019573,26.00050200006963,26.56906963163286
广东,Regular Topology,annulus,108,0.5789747796458913,0.6615409964009926,0.6175101679698629,0.1675839212964501,26.00050200006963,16.60190017102503
广东,GeoDisk,disk,108,0.5930172629258784,0.7230806543661173,0.651622200586938,0.1563963129838855,26.00050200006963,22.5553877207032
广东,GeoAnnulus,annulus,108,0.5371827127571027,0.6615409194795165,0.5929112201830482,0.14832812995041456,26.00050200006963,14.581377956610849
广东,GeoDisk-Final,disk,108,0.7052782552252416,0.9538475064828835,0.8109426309318465,0.1920662563825734,26.00050200006963,31.813403761307203
广东,GeoAnnulus-Final,annulus,108,0.6463255383778911,0.8153875644403706,0.7210796777527194,0.1975368297368452,26.00050200006963,25.6159813967241
福建,Direct Polar,disk,74,0.999932921935092,1.0,0.9999664598426415,0.27726959862748407,13.600310000054224,25.275182971535735
福建,Direct Polar,annulus,74,0.999887279768143,1.0,0.9999436367074297,0.2802399914512759,13.600310000054224,26.957617862228194
福建,Harmonic,disk,74,0.8503072099730675,0.9999979412231822,0.9190975432679961,0.24118917272638046,13.600310000054224,24.061567034049837
福建,Harmonic,annulus,74,0.75408803357588,0.8235291695560394,0.7872803248215624,0.16127490741551836,13.600310000054224,20.08196595910147
福建,Area-balanced,disk,74,0.7747585933338388,0.9411776643327385,0.8498981008621452,0.19340789827231092,13.600310000054224,26.56037360129433
福建,Area-balanced,annulus,74,0.6751132130217892,0.6764729627495077,0.6757924039043549,0.14518764718118377,13.600310000054224,22.267980150786002
福建,Regular Topology,disk,74,0.6523699005200633,0.8529418814713824,0.739293503208684,0.25472545008856173,13.600310000054224,16.8400294495275
福建,Regular Topology,annulus,74,0.6463276225057532,0.7941179281940127,0.712641102288788,0.24490185397867742,13.600310000054224,9.737247500197322
福建,GeoDisk,disk,74,0.7080806000115358,0.911764952416442,0.7971168283406189,0.19600662193882495,13.600310000054224,20.6800322291384
福建,GeoAnnulus,annulus,74,0.6396157830799157,0.7647027163355871,0.6965883123178996,0.1592167582879953,13.600310000054224,16.92827913738457
福建,GeoDisk-Final,disk,74,0.84008346726267,1.0,0.9130927832446516,0.23083957459367488,13.600310000054224,26.09810401889095
福建,GeoAnnulus-Final,annulus,74,0.7621885297899305,0.8529421755831336,0.8050156444191581,0.1695583140639077,13.600310000054224,20.189470348593268
广西,Direct Polar,disk,142,0.999790155239607,1.0000000000000002,0.9998950666099425,0.4453956853562688,42.80035000010005,39.92391199611811
广西,Direct Polar,annulus,142,0.9997105446539363,1.0000000000000002,0.999855251377837,0.41563656210452804,42.80035000010005,40.7196724029571
广西,Harmonic,disk,142,0.8313086113209437,0.9626170346737992,0.8921571884712393,0.3663935281971545,42.80035000010005,33.71711198628253
广西,Harmonic,annulus,142,0.7295997772376622,0.8878510572926223,0.800983770006261,0.32760502256663293,42.80035000010005,29.50722547692289
广西,Area-balanced,disk,142,0.7322982284729094,0.9345796471289969,0.8211651614996317,0.3238913675706021,42.80035000010005,37.90443644676845
广西,Area-balanced,annulus,142,0.6344996323819478,0.8224311249789733,0.7163446084477966,0.2808155149178366,42.80035000010005,31.747791577121127
广西,Regular Topology,disk,142,0.6057576287376238,0.7476645401266198,0.6692715833055579,0.24649751617030036,42.80035000010005,34.881777035439235
广西,Regular Topology,annulus,142,0.5887814738333171,0.7102810140571094,0.643849400919107,0.25758380680279513,42.80035000010005,21.63437460752763
广西,GeoDisk,disk,142,0.6149237342143876,0.8037390348444989,0.696766306157897,0.2775675195102992,42.80035000010005,24.985833141784507
广西,GeoAnnulus,annulus,142,0.6036102498634022,0.7476645401263857,0.6679588537030341,0.26434512878410343,42.80035000010005,26.54204292098628
广西,GeoDisk-Final,disk,142,0.8347343462510269,0.999999813085617,0.9099238557034044,0.37798580562852524,42.80035000010005,37.56094214218524
广西,GeoAnnulus-Final,annulus,142,0.7198970716842061,0.9252337422474476,0.8097508794155123,0.32973106472287983,42.80035000010005,31.886883569571
安徽,Direct Polar,disk,96,0.999807709699455,1.0,0.9999038456049488,0.37822942045540314,22.00049200005175,31.846202545836118
安徽,Direct Polar,annulus,96,0.999754316115551,1.0,0.9998771429657789,0.36861998875031216,22.00049200005175,31.40055375015309
安徽,Harmonic,disk,96,0.7650576031490176,0.9090930330104314,0.8308792791429431,0.2650528593418028,22.00049200005175,27.806497931487353
安徽,Harmonic,annulus,96,0.6995983395183226,0.8909101669177552,0.7837484312891383,0.27360917492010534,22.00049200005175,23.762766130670446
安徽,Area-balanced,disk,96,0.6933584823090337,0.9454544016560141,0.80001668944481,0.2531025610193375,22.00049200005175,30.45607612695431
安徽,Area-balanced,annulus,96,0.6309139176803162,0.8727251190561467,0.7323758035928645,0.25853836191934115,22.00049200005175,25.93551518840486
安徽,Regular Topology,disk,96,0.532587058689416,0.7272733718866127,0.6148877710511605,0.2184945992205934,22.00049200005175,22.69984516452558
安徽,Regular Topology,annulus,96,0.5428972687664299,0.7272715537451404,0.6217027739651638,0.21978869997609954,22.00049200005175,13.64759731186528
安徽,GeoDisk,disk,96,0.6180073380180228,0.8545428893134241,0.7172777762614807,0.27686200503130187,22.00049200005175,25.665434951813083
安徽,GeoAnnulus,annulus,96,0.6120264265943129,0.8181794298051486,0.7002452555987256,0.22462908140065943,22.00049200005175,19.157496558844063
安徽,GeoDisk-Final,disk,96,0.7511924839284814,0.9999999999999545,0.857921091853139,0.2590209342013177,22.00049200005175,30.531508903937166
安徽,GeoAnnulus-Final,annulus,96,0.7599843390825243,0.99999963637145,0.8636261162940294,0.29563218561175214,22.00049200005175,23.67364069931553
浙江,Direct Polar,disk,65,0.9999507477451915,1.0,0.9999753732661346,0.2948017916366643,12.800294000044316,23.017260751757064
浙江,Direct Polar,annulus,65,0.9999268871906947,1.0,0.9999634422589279,0.2934048701181864,12.800294000044316,24.885674625286324
浙江,Harmonic,disk,65,0.919378898804406,1.0,0.9579962553272763,0.2415937400983492,12.800294000044316,23.95614871737525
浙江,Harmonic,annulus,65,0.8357035064691746,0.8750002148390231,0.8549005167803847,0.20952140394143945,12.800294000044316,19.96731735698591
浙江,Area-balanced,disk,65,0.828610309428132,0.9687507177569041,0.8932171331838215,0.22279815458405516,12.800294000044316,25.116660517922305
浙江,Area-balanced,annulus,65,0.7342111284302094,0.7812517431245598,0.7570013553932469,0.1878282151003589,12.800294000044316,21.184534672918478
浙江,Regular Topology,disk,65,0.6823200680062593,0.8125004003816176,0.7417416876039806,0.19111440116871983,12.800294000044316,14.925757403430154
浙江,Regular Topology,annulus,65,0.679308931709827,0.7499999609388077,0.7129063211852537,0.18438699204282832,12.800294000044316,8.733053599310947
浙江,GeoDisk,disk,65,0.8100178553617595,0.9062488720963174,0.8554355288198102,0.19845702992000458,12.800294000044316,19.57294056182061
浙江,GeoAnnulus,annulus,65,0.7110598031076587,0.7812504931531922,0.7445044415108261,0.15283467837706957,12.800294000044316,16.290986983697767
浙江,GeoDisk-Final,disk,65,0.9040999364849882,1.0,0.9496349631248634,0.25664672489280355,12.800294000044316,24.361829450339663
浙江,GeoAnnulus-Final,annulus,65,0.8402841697363067,0.8750011523174881,0.8572913291335833,0.2191818616946493,12.800294000044316,19.658974635094086
NE-Admin0-Africa,Direct Polar,disk,50,0.8049296505347667,0.9903380532576113,0.8880597154797596,0.6615246707215382,655.8063423247875,36.0872806071497
NE-Admin0-Africa,Direct Polar,annulus,50,0.7882794023368306,0.9903380532576113,0.8778313585957923,0.6504925354260834,655.8063423247875,33.232410627287834
NE-Admin0-Africa,Harmonic,disk,50,0.7564825157458926,0.6381884546904956,0.6923187159666625,0.42885633314374094,655.8063423247875,19.425493143126424
NE-Admin0-Africa,Harmonic,annulus,50,0.6815235845561911,0.6500528242028859,0.6654163110541912,0.4432660053313544,655.8063423247875,16.8502466309111
NE-Admin0-Africa,Area-balanced,disk,50,0.7793951465058888,0.699234853654732,0.7371421534082948,0.517435410331758,655.8063423247875,20.439515866607184
NE-Admin0-Africa,Area-balanced,annulus,50,0.7605468534959212,0.623731323210147,0.685377987281601,0.4783878111470492,655.8063423247875,16.04228745376324
NE-Admin0-Africa,Regular Topology,disk,50,0.7081889999005775,0.6619773786324694,0.6843038992570454,0.3062455947197955,655.8063423247875,9.632678474890621
NE-Admin0-Africa,Regular Topology,annulus,50,0.7042045458913221,0.6411340466822841,0.6711908997357656,0.3262173443025911,655.8063423247875,5.239228599685135
NE-Admin0-Africa,GeoDisk,disk,50,0.7152797240215355,0.7318231427808779,0.7234568704262705,0.4451250660715633,655.8063423247875,13.013079916163388
NE-Admin0-Africa,GeoAnnulus,annulus,50,0.7160879873089373,0.6596896079735257,0.6867328051310438,0.3216207504733413,655.8063423247875,9.668614356986206
NE-Admin0-Africa,GeoDisk-Final,disk,50,0.8285244376818505,0.871363928409614,0.8494043764318328,0.532485178422478,655.8063423247875,20.41252668185903
NE-Admin0-Africa,GeoAnnulus-Final,annulus,50,0.828780538342487,0.7179900771651402,0.7694175163551321,0.5285373863788198,655.8063423247875,17.418755831512097
NCEP-AirTemp-Africa-2000,Direct Polar,disk,401,0.8079034907492508,0.9325236167341431,0.8657519547084152,0.6219632717461807,1852.5,96.97838841255056
NCEP-AirTemp-Africa-2000,Direct Polar,annulus,401,0.7977372187173214,0.9325236167341431,0.8598805233982078,0.6139255565079151,1852.5,88.36845369466758
NCEP-AirTemp-Africa-2000,Harmonic,disk,401,0.7640032464024177,0.8717948717948718,0.8143475711810673,0.6106661447591379,1852.5,56.80697607216215
NCEP-AirTemp-Africa-2000,Harmonic,annulus,401,0.6619088987879015,0.7948717948717948,0.7223224699654852,0.5071658846766446,1852.5,53.66355831272573
NCEP-AirTemp-Africa-2000,Area-balanced,disk,401,0.6174052161414858,0.7004048582995951,0.6562912536670583,0.5277117757189528,1852.5,64.59765021774626
NCEP-AirTemp-Africa-2000,Area-balanced,annulus,401,0.542415151447913,0.6059379217273954,0.5724196107613392,0.41423912288181125,1852.5,58.87127819894781
NCEP-AirTemp-Africa-2000,Regular Topology,disk,401,0.5481725362636811,0.5519568151147098,0.5500581670152817,0.34275441173323334,1852.5,74.63381031067658
NCEP-AirTemp-Africa-2000,Regular Topology,annulus,401,0.5138549284269132,0.4993252361673414,0.5064858994654182,0.3750204580558003,1852.5,47.378979548135675
NCEP-AirTemp-Africa-2000,GeoDisk,disk,401,0.49362792618556606,0.5883940620782726,0.5368610689874013,0.35240541667947073,1852.5,55.35881360823497
NCEP-AirTemp-Africa-2000,GeoAnnulus,annulus,401,0.4843525077073663,0.5411605937921727,0.5111831146620687,0.3413087050735898,1852.5,43.33734982910504
NCEP-AirTemp-Africa-2000,GeoDisk-Final,disk,401,0.7786234558937217,0.8839406207827261,0.8279463157107897,0.6191510739701043,1852.5,56.87468492659975
NCEP-AirTemp-Africa-2000,GeoAnnulus-Final,annulus,401,0.6913069439469303,0.8097165991902834,0.7458413430070583,0.5270859361741912,1852.5,49.58174598140178
