region,method,view,cell_count,adj_precision,adj_recall,adj_f1,original_edge_count,display_edge_count,preserved_edge_count,lost_edge_count,new_edge_count,np2,np3,local_direction_error_deg,angular_error_deg,radial_spearman
湖北,Direct Polar,disk,130,0.7124600638977636,0.9911111111111112,0.8289962825278812,225.0,313.0,223.0,2.0,90.0,0.7113096230394993,0.7022954805479934,18.6681975103236,1.64454835853788,0.9624356470797089
湖北,Direct Polar,annulus,130,0.6696428571428571,1.0,0.802139037433155,225.0,336.0,225.0,0.0,111.0,0.6829594587757245,0.6865782664778889,21.916415398832246,1.3235915164532714,0.9647735186879515
湖北,Harmonic,disk,130,0.5542168674698795,0.8177777777777778,0.6606822262118491,225.0,332.0,184.0,41.0,148.0,0.5555089261360423,0.5836871710739094,19.300915731646285,2.674524918220203,0.8663207199333597
湖北,Harmonic,annulus,130,0.5379746835443038,0.7555555555555555,0.6284658040665434,225.0,316.0,170.0,55.0,146.0,0.5346873303331777,0.5669386892938258,23.057950859626015,1.2931410608813152,0.8762129757336574
湖北,Area-balanced,disk,130,0.5619596541786743,0.8666666666666667,0.6818181818181819,225.0,347.0,195.0,30.0,152.0,0.5527420763285023,0.5606685684316987,21.161069271867987,3.340604829533866,0.9935162299089157
湖北,Area-balanced,annulus,130,0.49240121580547114,0.72,0.5848375451263538,225.0,329.0,162.0,63.0,167.0,0.5167574305777243,0.5606862404985087,22.94035659941012,1.7073360022687256,0.9856614182905679
湖北,Regular Topology,disk,130,0.3690205011389522,0.72,0.4879518072289156,225.0,439.0,162.0,63.0,277.0,0.3896436986873666,0.39435869565726656,36.09104880423567,3.0806143839062674,0.9609444345819279
湖北,Regular Topology,annulus,130,0.4341317365269461,0.6444444444444445,0.5187835420393561,225.0,334.0,145.0,80.0,189.0,0.41427942368569276,0.4308155635422201,33.44601092595365,3.0806143839062683,0.9609444345819279
湖北,GeoDisk,disk,130,0.4676056338028169,0.7377777777777778,0.5724137931034483,225.0,355.0,166.0,59.0,189.0,0.44952997032326264,0.46769937930109684,30.366000725436308,2.661056805693684,0.9782545166532384
湖北,GeoAnnulus,annulus,130,0.48598130841121495,0.6933333333333334,0.5714285714285714,225.0,321.0,156.0,69.0,165.0,0.4798701381310336,0.5283436307192884,27.995051323276744,2.132289787864355,0.9710715700064182
湖南,Direct Polar,disk,137,0.7619047619047619,0.9917355371900827,0.8617594254937163,242.0,315.0,240.0,2.0,75.0,0.7617867128816034,0.7577631404101333,12.099428049222452,1.0157853507168981,0.9615061511751637
湖南,Direct Polar,annulus,137,0.7038123167155426,0.9917355371900827,0.823327615780446,242.0,341.0,240.0,2.0,101.0,0.7146751853701979,0.7239618300718912,19.119706737086354,0.7082722797023392,0.9793902962644911
湖南,Harmonic,disk,137,0.6454293628808865,0.9628099173553719,0.7728026533996684,242.0,361.0,233.0,9.0,128.0,0.6580558897147788,0.6741723763221278,13.709221291045308,5.460231948295701,0.9271939813691265
湖南,Harmonic,annulus,137,0.6242603550295858,0.871900826446281,0.7275862068965517,242.0,338.0,211.0,31.0,127.0,0.6257124398053416,0.6552613626433712,18.590133326603475,1.353841851425502,0.9405370843989769
湖南,Area-balanced,disk,137,0.6294277929155313,0.9545454545454546,0.7586206896551725,242.0,367.0,231.0,11.0,136.0,0.6371082453750078,0.6396667023187445,15.883289381356226,1.7516297379685069,0.9967984020012322
湖南,Area-balanced,annulus,137,0.5804597701149425,0.8347107438016529,0.6847457627118645,242.0,348.0,202.0,40.0,146.0,0.5934783434484006,0.6340802798430385,20.787812409780848,1.2811971873210342,0.9919633356357457
湖南,Regular Topology,disk,137,0.4351648351648352,0.8181818181818182,0.5681492109038738,242.0,455.0,198.0,44.0,257.0,0.4564745564413022,0.4553946548710927,30.902652109630296,2.482247305773643,0.9608247615136183
湖南,Regular Topology,annulus,137,0.5071225071225072,0.7355371900826446,0.6003372681281619,242.0,351.0,178.0,64.0,173.0,0.48915729885754144,0.519765657339601,28.96100003031945,2.4822473057736434,0.9608247615136183
湖南,GeoDisk,disk,137,0.5308310991957105,0.8181818181818182,0.6439024390243903,242.0,373.0,198.0,44.0,175.0,0.5589203613203685,0.5810638963365939,25.81470148033699,2.168259594320291,0.9822838687998207
湖南,GeoAnnulus,annulus,137,0.5441176470588235,0.7644628099173554,0.6357388316151202,242.0,340.0,185.0,57.0,155.0,0.550706937930108,0.6007997858332225,25.106153555819358,1.9603187555707553,0.9799036720368883
江西,Direct Polar,disk,107,0.7768595041322314,1.0,0.8744186046511627,188.0,242.0,188.0,0.0,54.0,0.7856043915174872,0.7847375606970427,12.401595278762034,1.1756505331485756,0.9801230431630715
江西,Direct Polar,annulus,107,0.704119850187266,1.0,0.8263736263736264,188.0,267.0,188.0,0.0,79.0,0.7301873055573036,0.73482157333065,17.397848756846216,0.7878340999082742,0.9779286428025628
江西,Harmonic,disk,107,0.6436363636363637,0.9414893617021277,0.7645788336933046,188.0,275.0,177.0,11.0,98.0,0.6541365123414602,0.6637666294171377,14.53732481122276,3.0586366597038124,0.9049158486647465
江西,Harmonic,annulus,107,0.6168582375478927,0.8563829787234043,0.7171492204899778,188.0,261.0,161.0,27.0,100.0,0.6193605544809245,0.653662539505073,19.208400570282183,1.587774335979467,0.9149375967397481
江西,Area-balanced,disk,107,0.6293706293706294,0.9574468085106383,0.759493670886076,188.0,286.0,180.0,8.0,106.0,0.6314568654256799,0.6452641442345437,15.801032701774737,3.0432867454076424,0.9926428809341875
江西,Area-balanced,annulus,107,0.5767790262172284,0.8191489361702128,0.676923076923077,188.0,267.0,154.0,34.0,113.0,0.6067188713893092,0.650588723902002,19.90377831869813,1.497769527860294,0.9824252042555692
江西,Regular Topology,disk,107,0.4051724137931034,0.75,0.5261194029850746,188.0,348.0,141.0,47.0,207.0,0.4349673420192829,0.44488125059782885,35.02054369859202,3.925667304766114,0.9602166970356003
江西,Regular Topology,annulus,107,0.46886446886446886,0.6808510638297872,0.5553145336225597,188.0,273.0,128.0,60.0,145.0,0.4621996563350855,0.4870242166263439,35.501192735798035,3.925667304766115,0.9561021963596466
江西,GeoDisk,disk,107,0.5454545454545454,0.8297872340425532,0.6582278481012658,188.0,286.0,156.0,32.0,130.0,0.5674903102222536,0.5908666388335978,26.600345182937307,2.055417427503063,0.9808185897059112
江西,GeoAnnulus,annulus,107,0.55,0.7606382978723404,0.6383928571428571,188.0,260.0,143.0,45.0,117.0,0.5661421930273286,0.616765871895289,25.398799747360016,1.9065457384616702,0.9741668136131194
广东,Direct Polar,disk,108,0.7637130801687764,1.0,0.8660287081339713,181.0,237.0,181.0,0.0,56.0,0.7679044539338656,0.7642559631074554,15.68737283106847,2.8651638186253563,0.9696380767288767
广东,Direct Polar,annulus,108,0.6988416988416989,1.0,0.8227272727272728,181.0,259.0,181.0,0.0,78.0,0.7136013219873298,0.7244660443868683,19.926347036337084,1.3643812731214595,0.9717339735345394
广东,Harmonic,disk,108,0.46037735849056605,0.6740331491712708,0.547085201793722,181.0,265.0,122.0,59.0,143.0,0.457609921936118,0.49978653689291197,27.800912214643866,2.2663231480675115,0.7380700601141311
广东,Harmonic,annulus,108,0.4785992217898833,0.6795580110497238,0.5616438356164384,181.0,257.0,123.0,58.0,134.0,0.465050549028407,0.516877140310134,27.277869602414235,2.0225550594756743,0.7539607686225194
广东,Area-balanced,disk,108,0.5551724137931034,0.8895027624309392,0.6836518046709129,181.0,290.0,161.0,20.0,129.0,0.5546092960604503,0.5545486262747313,18.75461852350127,5.4691183459257315,0.9868053769279869
广东,Area-balanced,annulus,108,0.48014440433212996,0.7348066298342542,0.5807860262008734,181.0,277.0,133.0,48.0,144.0,0.5015127716690474,0.5413127309437072,21.720682090046964,2.7563232736508074,0.982308725599474
广东,Regular Topology,disk,108,0.4114285714285714,0.7955801104972375,0.5423728813559322,181.0,350.0,144.0,37.0,206.0,0.4286038456387487,0.42711107867307796,34.15445558770089,5.191741984977323,0.9557003629712194
广东,Regular Topology,annulus,108,0.47101449275362317,0.7182320441988951,0.5689277899343546,181.0,276.0,130.0,51.0,146.0,0.4519382114432854,0.46938625240891163,32.447911681357546,5.191741984977325,0.9432297769775262
广东,GeoDisk,disk,108,0.49491525423728816,0.8066298342541437,0.6134453781512604,181.0,295.0,146.0,35.0,149.0,0.49245797901512667,0.5047434790748249,28.823182783573674,3.7818528003737146,0.9801080339535282
广东,GeoAnnulus,annulus,108,0.49814126394052044,0.7403314917127072,0.5955555555555555,181.0,269.0,134.0,47.0,135.0,0.48907359097272685,0.5265509046657437,28.12653013454964,2.339714995118842,0.9725818590604665
福建,Direct Polar,disk,74,0.7716049382716049,1.0,0.8710801393728224,125.0,162.0,125.0,0.0,37.0,0.7753229435311478,0.754216612286543,11.784091706553745,1.4523812337682735,0.9876194002221397
福建,Direct Polar,annulus,74,0.6906077348066298,1.0,0.8169934640522877,125.0,181.0,125.0,0.0,56.0,0.7178546179219217,0.7210659817267474,16.85839761466339,0.9137541376024272,0.9875009255831172
福建,Harmonic,disk,74,0.6329787234042553,0.952,0.7603833865814698,125.0,188.0,119.0,6.0,69.0,0.6493921591638311,0.6563712058332568,12.09818742749578,4.026970704697494,0.8974898185857089
福建,Harmonic,annulus,74,0.615819209039548,0.872,0.7218543046357616,125.0,177.0,109.0,16.0,68.0,0.626546128635912,0.6694398752531961,17.741867487364974,1.4301313230466643,0.9106405035172157
福建,Area-balanced,disk,74,0.6335078534031413,0.968,0.7658227848101266,125.0,191.0,121.0,4.0,70.0,0.6319253104276324,0.6315352003727006,16.134439362652337,3.1782967811885126,0.9753572750833023
福建,Area-balanced,annulus,74,0.5625,0.792,0.6578073089700996,125.0,176.0,99.0,26.0,77.0,0.5901363042423414,0.6537578034444081,20.768006443566733,1.8680986454180426,0.9658200666419843
福建,Regular Topology,disk,74,0.48372093023255813,0.832,0.6117647058823529,125.0,215.0,104.0,21.0,111.0,0.46804228788328267,0.48039073096197477,30.072022693891416,5.118493987979119,0.9641910403554238
福建,Regular Topology,annulus,74,0.526595744680851,0.792,0.6325878594249202,125.0,188.0,99.0,26.0,89.0,0.5016924128673692,0.5060322375566495,30.39007309589484,5.118493987979122,0.9558089596445758
福建,GeoDisk,disk,74,0.5968586387434555,0.912,0.7215189873417721,125.0,191.0,114.0,11.0,77.0,0.5967289643261198,0.5964237693039404,21.603840232369045,2.4943462097319964,0.9625916327286187
福建,GeoAnnulus,annulus,74,0.5689655172413793,0.792,0.6622073578595318,125.0,174.0,99.0,26.0,75.0,0.6128595258626218,0.6882970686682575,23.30744875549773,2.0308417868389474,0.9534987041836355
广西,Direct Polar,disk,142,0.775,1.0,0.8732394366197184,248.0,320.0,248.0,0.0,72.0,0.7765893787252202,0.760318609104096,13.579083895561855,0.9500400342772174,0.9720698839667975
广西,Direct Polar,annulus,142,0.6938202247191011,0.9959677419354839,0.8178807947019868,248.0,356.0,247.0,1.0,109.0,0.7082875980011113,0.7149112314542039,19.153371601486757,0.8101514395925092,0.9713489986190018
广西,Harmonic,disk,142,0.6370967741935484,0.9556451612903226,0.7645161290322581,248.0,372.0,237.0,11.0,135.0,0.6393408410716984,0.6506948295629478,12.23434242366577,1.7734788448289482,0.9307111827339577
广西,Harmonic,annulus,142,0.6096866096866097,0.8629032258064516,0.7145242070116861,248.0,351.0,214.0,34.0,137.0,0.6020327614450451,0.635947663787887,18.396530395546932,1.0250692319284789,0.9335905329312583
广西,Area-balanced,disk,142,0.59375,0.9193548387096774,0.7215189873417721,248.0,384.0,228.0,20.0,156.0,0.5915697875985784,0.6068702007015707,18.1515709546344,1.6832978133036383,0.9938724745437362
广西,Area-balanced,annulus,142,0.5482093663911846,0.8024193548387096,0.6513911620294599,248.0,363.0,199.0,49.0,164.0,0.5663697309330785,0.6166413277858417,21.454170773344,1.151249798430538,0.9888556154663437
广西,Regular Topology,disk,142,0.4121338912133891,0.7943548387096774,0.5426997245179064,248.0,478.0,197.0,51.0,281.0,0.4235666641855429,0.42839058121033186,33.15404822879891,2.6143399968125234,0.9668183180319831
广西,Regular Topology,annulus,142,0.489010989010989,0.717741935483871,0.5816993464052287,248.0,364.0,178.0,70.0,186.0,0.4576170203182659,0.4934267364488576,31.24930776401716,2.614339996812524,0.9668183180319831
广西,GeoDisk,disk,142,0.5440414507772021,0.8467741935483871,0.662460567823344,248.0,386.0,210.0,38.0,176.0,0.5296883184476392,0.5451308041700504,26.69862519484589,1.7527720541753555,0.9827364723978449
广西,GeoAnnulus,annulus,142,0.5300859598853869,0.7459677419354839,0.6197654941373534,248.0,349.0,185.0,63.0,164.0,0.5274108739606056,0.5789016793502716,26.641620661714306,1.6460146099000885,0.9794086644551134
安徽,Direct Polar,disk,96,0.7079646017699115,1.0,0.8290155440414507,160.0,226.0,160.0,0.0,66.0,0.7035835532340466,0.6940698624284475,15.16425030686727,1.6819771561124206,0.949009766684753
安徽,Direct Polar,annulus,96,0.6896551724137931,1.0,0.8163265306122449,160.0,232.0,160.0,0.0,72.0,0.7050289900086728,0.7198289138247067,20.27804376608145,1.3321843495484618,0.9485892566467715
安徽,Harmonic,disk,96,0.6255144032921811,0.95,0.7543424317617866,160.0,243.0,152.0,8.0,91.0,0.6378051807243467,0.6473278103398433,16.27810565896489,3.1674049295716684,0.9160743353228432
安徽,Harmonic,annulus,96,0.5956521739130435,0.85625,0.7025641025641024,160.0,230.0,137.0,23.0,93.0,0.6094189470749553,0.6432721032994076,20.640075848216824,1.9783712768406432,0.9191399891481281
安徽,Area-balanced,disk,96,0.5928853754940712,0.9375,0.7263922518159807,160.0,253.0,150.0,10.0,103.0,0.6055695523617897,0.6194218039857641,18.101332241970777,2.9230112981665726,0.9931361909929463
安徽,Area-balanced,annulus,96,0.5508474576271186,0.8125,0.6565656565656567,160.0,236.0,130.0,30.0,106.0,0.5795873222924307,0.6415247097780802,20.947774959659945,1.7527364578751972,0.9864894194248508
安徽,Regular Topology,disk,96,0.41694915254237286,0.76875,0.5406593406593405,160.0,295.0,123.0,37.0,172.0,0.44026925659626376,0.449798598303462,33.341897036149945,3.8196384230972242,0.9601871947911015
安徽,Regular Topology,annulus,96,0.45714285714285713,0.7,0.5530864197530864,160.0,245.0,112.0,48.0,133.0,0.466373072405355,0.4897637030063359,31.69761628880346,3.8196384230972256,0.9601871947911015
安徽,GeoDisk,disk,96,0.5097276264591439,0.81875,0.6282973621103116,160.0,257.0,131.0,29.0,126.0,0.5248159348478892,0.5432156679211878,27.52958608227101,3.931914954583784,0.978893109061313
安徽,GeoAnnulus,annulus,96,0.521551724137931,0.75625,0.6173469387755102,160.0,232.0,121.0,39.0,111.0,0.5389379511670533,0.6061935091241087,25.4679042136135,2.4660952389959854,0.9731416169289202
浙江,Direct Polar,disk,65,0.8088235294117647,1.0,0.8943089430894309,110.0,136.0,110.0,0.0,26.0,0.8078246991821653,0.805693322419349,8.602189309007256,1.4764076519145057,0.982736013986014
浙江,Direct Polar,annulus,65,0.7692307692307693,1.0,0.8695652173913044,110.0,143.0,110.0,0.0,33.0,0.8117054564339632,0.8287174328789619,14.834030217740102,1.2119587152020355,0.9816433566433566
浙江,Harmonic,disk,65,0.6547619047619048,1.0,0.7913669064748202,110.0,168.0,110.0,0.0,58.0,0.6597329422317516,0.6679454713737893,7.052702039368731,2.2427484591837237,0.8832167832167832
浙江,Harmonic,annulus,65,0.6513157894736842,0.9,0.7557251908396946,110.0,152.0,99.0,11.0,53.0,0.6716542833076531,0.7146536429743127,14.404498485114733,1.3125489792463907,0.9142919580419581
浙江,Area-balanced,disk,65,0.6428571428571429,0.9818181818181818,0.776978417266187,110.0,168.0,108.0,2.0,60.0,0.6519784370058245,0.6632690368984788,12.583652107135272,2.8440690700289237,0.9642045454545455
浙江,Area-balanced,annulus,65,0.62,0.8454545454545455,0.7153846153846155,110.0,150.0,93.0,17.0,57.0,0.6731316878459056,0.7490521593794157,18.026041233284342,1.5762650041595072,0.9412150349650349
浙江,Regular Topology,disk,65,0.4946808510638298,0.8454545454545455,0.6241610738255033,110.0,188.0,93.0,17.0,95.0,0.49323551944368493,0.5071323434933152,27.4729917064807,5.573313944040409,0.9658216783216784
浙江,Regular Topology,annulus,65,0.5393939393939394,0.8090909090909091,0.6472727272727272,110.0,165.0,89.0,21.0,76.0,0.5269281223468815,0.5428561164655447,30.425710882575657,5.573313944040408,0.9531468531468532
浙江,GeoDisk,disk,65,0.6,0.9272727272727272,0.7285714285714284,110.0,170.0,102.0,8.0,68.0,0.6241102448724605,0.63200553410678,17.68591325380611,3.7190652020189283,0.9635926573426574
浙江,GeoAnnulus,annulus,65,0.6190476190476191,0.8272727272727273,0.708171206225681,110.0,147.0,91.0,19.0,56.0,0.6652194813733275,0.7458019093129857,21.021486040546932,2.4194189449070924,0.9445804195804196
OVERALL_mean,Direct Polar,disk,107,0.7597913099446018,0.9978558310376493,0.8623558854912692,184.875,243.875,184.375,0.5,59.5,0.7612407195056294,0.7529188188751326,13.498276110920834,1.532744267137641,0.9706422478758157
OVERALL_median,Direct Polar,disk,107,0.7676590092201907,1.0,0.8685544237533969,184.5,239.5,184.5,0.0,61.0,0.7716136987325067,0.7590408747571147,12.990339587161944,1.4643944428413898,0.9708539803478371
OVERALL_std,Direct Polar,disk,107,0.03383246403678483,0.003973735322673671,0.02267584694564449,51.67601681907879,70.04373633666326,51.14387967852486,0.9258200997725514,20.83952289006911,0.03597561223905698,0.03785676400661171,3.032486262768821,0.6040401100274786,0.01279618060388083
OVERALL_mean,Direct Polar,annulus,107,0.7024663280072072,0.9984629098906959,0.8244166948840405,184.875,264.375,184.5,0.375,79.875,0.7230374917570281,0.7317939092689898,18.6855201411342,1.0565159763913474,0.972863621097724
OVERALL_median,Direct Polar,annulus,107,0.6963309617804,1.0,0.8203040337146298,184.5,263.0,184.5,0.0,78.5,0.7141382536787639,0.7225139058993193,19.136539169286557,1.0628564264022313,0.9748313081685511
OVERALL_std,Direct Polar,annulus,107,0.02911077770878419,0.0030626618348469363,0.019660787778783013,51.67601681907879,77.61063531685406,51.188726437426766,0.7440238091428449,26.98379143115363,0.03826052362279101,0.04158657742841513,2.22814205067187,0.27795321617617014,0.012058494835122136
OVERALL_mean,Harmonic,disk,107,0.6067514697661982,0.9067194209121088,0.7269697211186098,184.875,275.5,166.75,18.125,108.75,0.6139477966650033,0.6304690038519905,15.376463949756673,3.0837899515711324,0.882999091242582
OVERALL_median,Harmonic,disk,107,0.6350377487989018,0.951,0.7624497578068639,184.5,270.0,164.5,10.0,113.0,0.6443665001177648,0.6535330176981022,14.123273051134035,2.8665807889620076,0.9012028336252277
OVERALL_std,Harmonic,disk,107,0.06687674759150927,0.10785383190035193,0.08254007153284926,51.67601681907879,75.77598564189053,49.924943665466465,20.552632782339938,34.55740565659242,0.07169763222785783,0.05982579084236753,6.140847821942843,1.183500044071783,0.06244605525312897
OVERALL_mean,Harmonic,annulus,107,0.5912707850030688,0.831818824697677,0.6911891090150944,184.875,260.25,153.0,31.875,107.25,0.5943078742639271,0.6320066271334009,19.914665821896172,1.500429139853017,0.8954139261416827
OVERALL_median,Harmonic,annulus,107,0.6127529093630788,0.859643102264928,0.7158367137508319,184.5,259.0,149.0,29.0,113.5,0.6143897507779399,0.6484673214022403,18.89926694844283,1.391986587236083,0.9146147773908531
OVERALL_std,Harmonic,annulus,107,0.05586303646033406,0.07467618472290047,0.06380107961699395,51.67601681907879,72.66704892865816,43.827584269009655,16.957404619474392,34.29181493342939,0.06457082418212573,0.06195922224742052,3.8593885385321487,0.3462734893957415,0.06024183822868793
OVERALL_mean,Area-balanced,disk,107,0.6048663577515367,0.9343543390851947,0.7342870985330512,184.875,285.75,171.75,13.125,114.0,0.6071199463229331,0.6151555354022791,17.071375568111627,3.0291643276904243,0.9870416719808566
OVERALL_median,Area-balanced,disk,107,0.6115603146853147,0.9460227272727273,0.7425064707355766,184.5,288.0,170.5,10.5,117.5,0.6185132088937348,0.6254785021792324,17.117885802311555,2.9831490217871073,0.9928895359635669
OVERALL_std,Area-balanced,disk,107,0.03390100941216491,0.039917692591823026,0.0370073672677734,51.67601681907879,79.22797125113976,45.53099415311979,9.463274878633264,35.76510669832899,0.03794301418870795,0.03931448824645832,2.5587208121306975,1.1687472384217403,0.011404294696205214
OVERALL_mean,Area-balanced,annulus,107,0.5514176550610095,0.7951300262624219,0.651055144239,184.875,268.25,146.5,38.375,121.75,0.5784615577997798,0.6309554969468752,20.818577853473883,1.6988719871230182,0.9780923525349463
OVERALL_median,Area-balanced,annulus,107,0.5566737288135593,0.8074596774193548,0.6571864827678782,184.5,272.0,143.5,37.0,128.5,0.5848618132673861,0.6378024948105594,20.867793684720397,1.6418005032141165,0.9840433112730685
OVERALL_std,Area-balanced,annulus,107,0.04611543685388679,0.0452361720496838,0.04681434202863718,51.67601681907879,78.04714692323572,40.893590136911605,14.706048318391217,40.418348025901025,0.053450521146541426,0.06341720398089323,1.433030270657099,0.4898441264247341,0.016831732140396433
OVERALL_mean,Regular Topology,disk,107,0.4285338933222015,0.7905401641054097,0.5554847684198625,184.875,346.0,145.25,39.625,200.75,0.44185039636193435,0.44843224172104373,32.526207483184976,3.975757166419078,0.9618380609503191
OVERALL_median,Regular Topology,disk,107,0.41454152187788096,0.7949674746034574,0.5425363029369192,184.5,349.0,142.5,40.5,206.5,0.4376182993077733,0.4473399244506454,33.24797263247443,3.872652863931669,0.9608845980477732
OVERALL_std,Regular Topology,disk,107,0.04183019987533529,0.04248151198356058,0.0447572055826174,51.67601681907879,108.69354035215576,39.074105418879576,15.221577729375776,71.26359519418031,0.03122611957070063,0.034455369022700265,2.8494229204028985,1.2100085744042937,0.003606730620434451
OVERALL_mean,Regular Topology,annulus,107,0.48665959193702274,0.7247371983913189,0.5822511858225494,184.875,274.5,132.375,52.5,142.125,0.4712731522824346,0.492383810424308,31.764852925589974,3.9757571664190787,0.9571328118809042
OVERALL_median,Regular Topology,annulus,107,0.48001274088230605,0.7179869898413831,0.5753135681697916,184.5,274.5,129.0,55.5,145.5,0.46428636437022025,0.4915952197275968,31.47346202641031,3.87265286393167,0.9581446955753741
OVERALL_std,Regular Topology,annulus,107,0.03584075179435068,0.054553475300008994,0.04287992197292726,51.67601681907879,73.43607521414215,33.29065720503062,20.591260281974,42.04907846790462,0.03434614533263235,0.03346578931825849,2.037796999988422,1.2100085744042939,0.007003001843296954
OVERALL_mean,GeoDisk,disk,107,0.5361792810837702,0.8371466981346759,0.6536047255284027,184.875,289.125,152.875,32.0,136.25,0.54296776042189,0.557643646131009,25.64027436694704,2.820585631050102,0.9761598600803665
OVERALL_median,GeoDisk,disk,107,0.5374362749864563,0.8242686170212765,0.6510651435628281,184.5,290.5,151.0,33.5,139.5,0.5443043398840038,0.5630973502533222,26.649485188891596,2.57770150771284,0.9795005715074205
OVERALL_std,GeoDisk,disk,107,0.04634693848002811,0.06020931915988905,0.052469706122738026,51.67601681907879,80.75967434307793,37.997885279503194,16.664761795905928,45.260357930533424,0.05621121105675742,0.05337067182818526,4.0999969140609345,0.8659818584893124,0.008210940134936033
OVERALL_mean,GeoAnnulus,annulus,107,0.5397363799653594,0.7600320502554934,0.6310758515925226,184.875,261.5,139.25,45.625,122.25,0.5537775865531007,0.6114567949461458,25.38312430404728,2.112654982207217,0.9685441649831227
OVERALL_median,GeoAnnulus,annulus,107,0.5371018034721051,0.7584441489361702,0.6277521628762368,184.5,264.5,138.5,46.0,126.0,0.5448224445485808,0.6034966474786656,25.43335198048676,2.0815657873516513,0.9728617379946933
OVERALL_std,GeoAnnulus,annulus,107,0.04193996767220037,0.03893620632810424,0.04161737795645254,51.67601681907879,74.69366008666906,35.435051250744046,17.394067133036238,40.675545478825484,0.061686558083793336,0.07492771903872868,2.3709164852230296,0.28312034323975094,0.012666853399439452
