cell_id,region_id,block_row,block_col,longitude,latitude,theta,rho,original_area_km2,annual_mean_pm25,fine_point_count,month_01_pm25,month_02_pm25,month_03_pm25,month_04_pm25,month_05_pm25,month_06_pm25,month_07_pm25,month_08_pm25,month_09_pm25,month_10_pm25,month_11_pm25,month_12_pm25,reference_degree,is_topological_boundary,is_geographic_boundary,polygon_wkt
CEG2000_f4_r0013_c0108,福建,13,108,117.1249955,23.775000499999997,-1.9693265756229275,0.9657569619814449,1811.3930183290197,29.417175913893853,4,37.19563952473001,34.49386823395926,39.08916987779067,32.63211054735785,29.990867511443295,19.98557893994878,23.42604894383726,19.581297526698787,27.591640004204415,28.84305781318583,28.476752652413936,31.737845943687844,2,True,True,"POLYGON ((116.800006 23.5, 117.199994 23.5, 117.199994 23.900000000000002, 116.800006 23.900000000000002, 116.800006 23.5))"
CEG2000_f4_r0013_c0109,福建,13,109,117.300003,23.750000666666665,-1.9047933362433769,0.9239084174512209,1811.4473617497993,28.967391451530926,6,37.04023680375124,33.889060224335466,38.84845435006782,32.40932163417044,29.603100178523228,19.629682178820367,22.86702754046512,19.429808419430746,26.745513252981034,28.613183090462492,27.671539616857412,30.87563556148365,2,True,True,"POLYGON ((117.2 23.5, 117.6 23.5, 117.6 23.900000000000002, 117.2 23.900000000000002, 117.2 23.5))"
CEG2000_f4_r0014_c0108,福建,14,108,117.08333066666667,24.116667111111113,-2.0475878930511446,0.915354884109302,1805.7977551550894,28.17151510059776,9,36.144569866813555,34.43847472264863,36.119530824233834,30.407134036204432,28.395269778021927,19.386194098289327,22.7615040137123,18.922752407034245,26.17529708743538,27.96495241631403,27.652094298765213,29.8022972822939,3,True,True,"POLYGON ((116.800006 23.9, 117.199994 23.9, 117.199994 24.3, 116.800006 24.3, 116.800006 23.9))"
CEG2000_f4_r0014_c0109,福建,14,109,117.4000015,24.1000005,-1.919432850282829,0.7792989033268433,1805.8519307129382,29.485882492303787,16,37.62425523752064,33.76275192447802,38.9556254434285,33.2060770990663,30.773374002275563,20.204730898114004,24.299168840494115,19.877344778881845,27.186928083129324,28.92040638250203,28.225192587204123,30.776448745475026,4,False,False,"POLYGON ((117.2 23.9, 117.6 23.9, 117.6 24.3, 117.2 24.3, 117.2 23.9))"
CEG2000_f4_r0014_c0110,福建,14,110,117.75,24.150000666666667,-1.772638586757855,0.8017701440280881,1805.8790184918946,29.711464609155545,9,38.233170170822646,33.04453525360374,40.61231530891631,34.6537826956523,31.685724267020316,20.071818014944494,24.152565355615373,20.08003117101996,27.56153965446415,28.452263936361877,27.537491758958186,30.376367237851458,2,True,True,"POLYGON ((117.59999400000001 23.9, 118 23.9, 118 24.3, 117.59999400000001 24.3, 117.59999400000001 23.9))"
CEG2000_f4_r0015_c0108,福建,15,108,117.0099996,24.51000053333333,-2.1783302844556043,0.9031055842293748,1800.1234661639166,27.61488030012505,15,36.511256420500885,36.354001101248215,35.18237982081702,28.469666836142302,27.80272031443246,18.252358968853073,22.352298006998907,18.288320254197643,25.212136098399615,27.269119944021067,27.188202341714593,28.69420299891211,3,True,True,"POLYGON ((116.800006 24.3, 117.199994 24.3, 117.199994 24.700002, 116.800006 24.700002, 116.800006 24.3))"
CEG2000_f4_r0015_c0109,福建,15,109,117.4000015,24.500000500000002,-2.0014525810628925,0.6820487364451805,1800.177471487989,30.86622394303314,16,39.18876863417271,37.88401040989992,40.12116828215772,33.20517315031183,32.1349530076083,20.76646327387458,25.451971880710794,20.06582249378941,27.8564168424547,30.334467069193153,30.9095331571686,32.58265729523048,4,False,False,"POLYGON ((117.2 24.3, 117.6 24.3, 117.6 24.700002, 117.2 24.700002, 117.2 24.3))"
CEG2000_f4_r0015_c0110,福建,15,110,117.8,24.500000500000002,-1.7894788366269396,0.6413172006551896,1800.204474150057,32.10922057881537,16,40.58328597789076,36.823738722098746,43.74045683785861,37.32352453542879,34.30475764131139,21.81398460438278,26.11672536284498,21.03963443327735,28.74170860922062,30.029007669590374,30.945258485140222,33.84264891207785,4,False,False,"POLYGON ((117.59999400000001 24.3, 118 24.3, 118 24.700002, 117.59999400000001 24.700002, 117.59999400000001 24.3))"
CEG2000_f4_r0015_c0111,福建,15,111,118.13571428571429,24.564286857142857,-1.5949928183573037,0.7678082950653151,1800.204474150057,29.99596179885897,7,37.69258494117817,33.502718202122644,41.04428308533252,35.97751355223262,33.674716490515095,21.35978193637482,24.47363340633602,20.551342327054,27.92726292357108,27.82857712510058,26.417370006714716,29.460196106871628,2,True,True,"POLYGON ((118 24.3, 118.40000599999999 24.3, 118.40000599999999 24.700002, 118 24.700002, 118 24.3))"
CEG2000_f4_r0016_c0106,福建,16,106,116.1999994,24.970000000000002,-2.6091748058511635,0.9201039822613162,1794.4242175755228,28.31032330329293,10,37.66171981348195,36.06670887990668,35.65548221406066,29.040164206263906,29.169163299850638,19.79098926272873,22.61854928408061,18.81936205417628,29.116064423306476,27.715897374475425,26.08283786576037,28.190216242007768,2,True,True,"POLYGON ((116 24.7, 116.40000599999999 24.7, 116.40000599999999 25.1, 116 25.1, 116 24.7))"
CEG2000_f4_r0016_c0107,福建,16,107,116.5999985,24.900000000000002,-2.4740387564138193,0.9023959578161191,1794.3973016160028,29.025279549442196,16,38.127907605917876,37.61681947867942,37.081307552791046,29.437596279769416,29.547185204407157,19.412421359138687,23.20917338363735,18.93617319199673,29.358569585804318,28.49872280510432,27.86623684021624,29.442105361509352,3,True,True,"POLYGON ((116.4 24.7, 116.8 24.7, 116.8 25.1, 116.4 25.1, 116.4 24.7))"
CEG2000_f4_r0016_c0108,福建,16,108,117.0,24.900000000000002,-2.3286432602855127,0.8109359258417549,1794.3434696970264,27.516871577552497,16,36.75830651759351,35.87435140156116,36.291305412409066,27.218677229911595,28.528667025246506,18.29662563593307,22.199033183300052,17.68407600475155,26.363219672076163,26.46121260213389,26.521356805680593,28.168445268465355,4,False,False,"POLYGON ((116.800006 24.7, 117.199994 24.7, 117.199994 25.1, 116.800006 25.1, 116.800006 24.7))"
CEG2000_f4_r0016_c0109,福建,16,109,117.4000015,24.900000000000002,-2.1287765842285693,0.6290232752557274,1794.3973016160028,27.701483464235185,16,36.590121915309496,35.71221421190565,37.80576909199415,28.919138957729903,29.07582912798843,18.56689582048843,21.73584425681347,17.847714748185126,25.706182765873912,26.306991932520077,26.632706362335387,27.68098759080164,4,False,False,"POLYGON ((117.2 24.7, 117.6 24.7, 117.6 25.1, 117.2 25.1, 117.2 24.7))"
CEG2000_f4_r0016_c0110,福建,16,110,117.8,24.900000000000002,-1.8640132541999426,0.4579337492426856,1794.4242175755228,27.61526697055499,16,36.320834342663154,33.91878462526973,38.28532604145314,30.538839156449242,29.71442127520948,19.159372901325455,21.448210529860322,17.842780194349633,25.379876452278996,26.059972260743862,25.775945907861836,27.03561421226361,4,False,False,"POLYGON ((117.59999400000001 24.7, 118 24.7, 118 25.1, 117.59999400000001 25.1, 117.59999400000001 24.7))"
CEG2000_f4_r0016_c0111,福建,16,111,118.2,24.900000000000002,-1.5504975724041008,0.6614351195376004,1794.4242175755228,28.789884179116992,16,36.622293622150636,32.32176236264452,39.33696214807689,34.07836842202393,33.18446726989846,20.955418774812,23.39443032358836,19.103210808829157,26.819009536623675,26.709796674896726,25.275978186389754,27.64571829593549,4,False,False,"POLYGON ((118 24.7, 118.40000599999999 24.7, 118.40000599999999 25.1, 118 25.1, 118 24.7))"
CEG2000_f4_r0016_c0112,福建,16,112,118.56666566666667,24.933333333333337,-1.256209393094261,0.7505119042257663,1794.3973016160028,30.6418183514313,12,37.50905401613456,34.21749522350171,41.49374425960262,37.72852594128283,35.234274880997674,22.87367426943211,25.442744866812554,21.423269591849266,27.9612636368415,28.147625633551332,25.833850994618718,29.803438682569773,2,True,False,"POLYGON ((118.4 24.7, 118.8 24.7, 118.8 25.1, 118.4 25.1, 118.4 24.7))"
CEG2000_f4_r0017_c0106,福建,17,106,116.21000000000001,25.290000533333334,-2.751692470764983,0.8481516478569332,1788.556532371392,27.285144982761214,15,36.605672326202544,35.8391306514937,33.70417147228587,28.70466995355574,27.89609398429586,19.257299759471536,21.731902942468672,18.26380347443265,28.37900244670392,26.1629070379712,24.478560610156986,26.681974301073545,3,True,True,"POLYGON ((116 25.100002, 116.40000599999999 25.100002, 116.40000599999999 25.5, 116 25.5, 116 25.100002))"
CEG2000_f4_r0017_c0107,福建,17,107,116.5999985,25.300000500000003,-2.673442448867523,0.6947542367831011,1788.5297044258298,27.376118035081845,16,36.565410133447045,36.425963190435205,34.09326086141836,27.89010745128443,28.114000897258855,18.699468373380363,22.24358947272702,18.174130140344595,28.128553975535244,26.084771593878795,25.00811375220767,27.354480828186755,4,False,False,"POLYGON ((116.4 25.100002, 116.8 25.100002, 116.8 25.5, 116.4 25.5, 116.4 25.100002))"
CEG2000_f4_r0017_c0108,福建,17,108,117.0,25.300000500000003,-2.5459189470399632,0.595577594696612,1788.476048534769,26.90397564997403,16,35.45432743382786,35.36168231138618,35.30493957147637,26.30539280977854,28.03535728608783,18.444510539647183,21.744557937537817,17.872131154139694,26.827409344675477,25.378428358060024,24.8610032186593,27.44305901620847,4,False,False,"POLYGON ((116.800006 25.100002, 117.199994 25.100002, 117.199994 25.5, 116.800006 25.5, 116.800006 25.100002))"
CEG2000_f4_r0017_c0109,福建,17,109,117.4000015,25.300000500000003,-2.3425189723383864,0.5227927328281768,1788.5297044258298,27.237319546250152,16,36.31656107425385,31.628993938568104,36.55467030854438,27.570238471872543,29.77202808956068,18.795579055549243,21.287877474335602,17.696448523183445,27.009032923874106,26.244611852417275,26.11835419929848,27.831737845164444,4,False,False,"POLYGON ((117.2 25.100002, 117.6 25.100002, 117.6 25.5, 117.2 25.5, 117.2 25.100002))"
CEG2000_f4_r0017_c0110,福建,17,110,117.8,25.300000500000003,-2.0107175682237397,0.32602674627305545,1788.556532371392,26.29952674202166,16,35.43531924974635,32.819347401523814,35.629636912423315,27.858967799614035,28.990049172946794,18.32369176642545,19.436076686572772,17.257446448581316,24.98030330766249,25.107193036680457,24.13310757856941,25.724394601681094,4,False,False,"POLYGON ((117.59999400000001 25.100002, 118 25.100002, 118 25.5, 117.59999400000001 25.5, 117.59999400000001 25.100002))"
CEG2000_f4_r0017_c0111,福建,17,111,118.2,25.300000500000003,-1.5391573395563494,0.4302863903053015,1788.556532371392,26.998477631649013,16,35.68255409323911,31.6311243722031,36.683721300144825,30.20123714262401,30.799350931513544,19.327965784645652,20.507234150917355,17.721570489873184,24.833263885162197,25.47900715753498,24.73159069068355,26.39489998310568,4,False,False,"POLYGON ((118 25.100002, 118.40000599999999 25.100002, 118.40000599999999 25.5, 118 25.5, 118 25.100002))"
CEG2000_f4_r0017_c0112,福建,17,112,118.5999985,25.300000500000003,-1.0803344848767114,0.5907020658723401,1788.5297044258298,27.214172388266743,16,34.68467877549759,31.19456429220913,36.91950554305046,32.69158441302975,31.049446474775447,20.587223347869198,21.459709227258834,18.240129727390467,24.46087379975438,25.69897258812821,23.705234579327954,25.89585590364496,4,False,False,"POLYGON ((118.4 25.100002, 118.8 25.100002, 118.8 25.5, 118.4 25.5, 118.4 25.100002))"
CEG2000_f4_r0017_c0113,福建,17,113,118.90000399999998,25.35000033333333,-0.7959308027245585,0.6941592780384379,1788.476048534769,28.011183306639893,6,34.98389943234814,31.251198037030207,37.96147062688019,34.70310772093851,31.7517088443794,21.676751629413555,22.59588080708637,19.197564466344904,25.16701663491641,26.180502506708905,23.897239392196454,26.763969633425567,2,True,False,"POLYGON ((118.800006 25.100002, 119.199994 25.100002, 119.199994 25.5, 118.800006 25.5, 118.800006 25.100002))"
CEG2000_f4_r0018_c0106,福建,18,106,116.2700012,25.6800006,-2.9479966562445754,0.9296722915959275,1782.6195901024962,27.84426991249863,10,37.278095095249675,35.669831608837285,34.50391924705795,29.733703685188832,28.767926456428444,19.750588966614213,22.60991160448812,18.508261449298452,29.2275353140641,26.070701561357467,24.799775494131893,27.462138377031025,2,True,True,"POLYGON ((116 25.5, 116.40000599999999 25.5, 116.40000599999999 25.900000000000002, 116 25.900000000000002, 116 25.5))"
CEG2000_f4_r0018_c0107,福建,18,107,116.5999985,25.7000005,-2.9221808526913513,0.7630092267579929,1782.5928512097323,27.729037372754437,16,37.082666979467184,36.261753455311094,34.61721663831031,29.21010919455846,28.432356556032968,19.351412476711058,22.838678324244018,18.098640966694237,28.40052576417731,25.668526437156316,25.154987057823494,27.8982300150625,4,False,False,"POLYGON ((116.4 25.5, 116.8 25.5, 116.8 25.900000000000002, 116.4 25.900000000000002, 116.4 25.5))"
CEG2000_f4_r0018_c0108,福建,18,108,117.0,25.7000005,-2.8511170965677968,0.5574305868970016,1782.5393734242678,26.582523543079702,16,35.63050171737142,35.15815336394267,32.87008257881024,26.513821255597254,27.611767641926114,18.689764717011673,21.560679708721004,17.880901487741554,26.375300343656885,24.79263971625122,24.800444052811528,27.33849999242077,4,False,False,"POLYGON ((116.800006 25.5, 117.199994 25.5, 117.199994 25.900000000000002, 116.800006 25.900000000000002, 116.800006 25.5))"
CEG2000_f4_r0018_c0109,福建,18,109,117.4000015,25.7000005,-2.7160320846724897,0.33774725073847606,1782.5928512097323,26.826893348528507,16,35.62872058870877,31.771438202730575,36.37205286425911,27.045343831283013,29.409742935341775,18.43966630641537,20.636138734019017,17.374551609028295,26.691753992977016,25.708825909127302,25.2843782543854,27.561483041142342,4,False,False,"POLYGON ((117.2 25.5, 117.6 25.5, 117.6 25.900000000000002, 117.2 25.900000000000002, 117.2 25.5))"
CEG2000_f4_r0018_c0110,福建,18,110,117.8,25.7000005,-2.3887110444954347,0.22776807952948103,1782.6195901024962,25.90903843145566,16,34.515086872977236,31.343664500845918,35.18187280010408,27.16519414094784,29.30460178066356,18.39767024470597,19.34287013073541,16.79839352038241,25.171442150631847,24.103590136971917,23.97378444410683,25.67290946708366,4,False,False,"POLYGON ((117.59999400000001 25.5, 118 25.5, 118 25.900000000000002, 117.59999400000001 25.900000000000002, 117.59999400000001 25.5))"
CEG2000_f4_r0018_c0111,福建,18,111,118.2,25.7000005,-1.4991560310182164,0.19255915786814123,1782.6195901024962,24.896435622364454,16,33.726421846481635,30.846909163539646,32.575554723663224,26.634791478099807,28.380322383968206,17.844960614066373,17.921004567370204,16.469687373399,23.080707622154026,24.033787545283964,23.099963723793202,24.239104427554366,4,False,False,"POLYGON ((118 25.5, 118.40000599999999 25.5, 118.40000599999999 25.900000000000002, 118 25.900000000000002, 118 25.5))"
CEG2000_f4_r0018_c0112,福建,18,112,118.5999985,25.7000005,-0.6903495415380936,0.32722183338776567,1782.5928512097323,24.88630002543207,16,33.61515549136864,29.062122095661604,33.18831308451742,27.668096175302342,28.70749495011705,18.937533363419867,18.231507986996643,16.41099556865335,22.61773294824548,23.888975383870378,22.171697279311918,24.142476100462478,4,False,False,"POLYGON ((118.4 25.5, 118.8 25.5, 118.8 25.900000000000002, 118.4 25.900000000000002, 118.4 25.5))"
CEG2000_f4_r0018_c0113,福建,18,113,119.0,25.7000005,-0.4023554451818674,0.476273865666933,1782.5393734242678,25.538834290222567,16,33.29604588009167,29.75021221675293,33.53359348651107,30.414713197836143,28.922185705790024,19.958066945018093,19.767166253821223,17.28696911307709,22.6346101559839,24.25508656427164,22.185613890982,24.508858488083042,4,False,False,"POLYGON ((118.800006 25.5, 119.199994 25.5, 119.199994 25.900000000000002, 118.800006 25.900000000000002, 118.800006 25.5))"
CEG2000_f4_r0018_c0114,福建,18,114,119.3400024,25.7300004,-0.266266319379063,0.6726105558379464,1782.5928512097323,26.594860044702504,10,34.04648747820486,30.838530706392042,34.291725970655214,32.442596724199525,29.181389977704537,20.932517713108258,21.66732254291141,18.855570742364264,23.591211877018054,25.300024257383697,22.99320804664158,25.064425967767175,2,True,False,"POLYGON ((119.2 25.5, 119.6 25.5, 119.6 25.900000000000002, 119.2 25.900000000000002, 119.2 25.5))"
CEG2000_f4_r0019_c0107,福建,19,107,116.5999985,26.1000005,3.082026003192372,0.9141745531526001,1776.5601595203575,27.511748701793618,16,36.66404956341746,35.879226575001894,34.34868068328228,28.651056027482472,28.901387539303514,19.59976823489815,22.08656908902243,18.301381572629435,28.028149906648135,25.291480221252996,25.28123963607752,27.374065525550627,3,True,True,"POLYGON ((116.4 25.9, 116.8 25.9, 116.8 26.3, 116.4 26.3, 116.4 25.9))"
CEG2000_f4_r0019_c0108,福建,19,108,117.0,26.1000005,3.0618195095099727,0.6733722937285274,1776.5068627156434,27.578373564867608,16,36.59292381598438,35.39552366486476,33.720056424264655,28.40355061442817,29.415737534996776,19.32076779324138,21.452086963838532,18.534949610917664,27.670631041361954,25.615530796985215,26.370567470777186,28.676748106761334,4,False,False,"POLYGON ((116.800006 25.9, 117.199994 25.9, 117.199994 26.3, 116.800006 26.3, 116.800006 25.9))"
CEG2000_f4_r0019_c0109,福建,19,109,117.4000015,26.1000005,3.020966557660951,0.4325700343044539,1776.5601595203575,28.20310499623994,16,37.1873471973694,32.45610313402945,34.84914494685475,28.54186316008311,31.184406633206663,19.838712072181124,22.17453961401474,18.884287508361393,28.18243756697046,26.063402208581188,27.64164078588365,31.430092220109106,4,False,False,"POLYGON ((117.2 25.9, 117.6 25.9, 117.6 26.3, 117.2 26.3, 117.2 25.9))"
CEG2000_f4_r0019_c0110,福建,19,110,117.8,26.1000005,2.8960688024363197,0.2298433446891671,1776.5868079227462,26.682207101996827,16,35.22986807486644,32.19079791613638,35.54110043550385,27.76414816244403,30.414816451754003,18.372035715655226,20.0424055837334,17.5943143897927,26.69189820606128,24.8360817309274,24.64078226719928,26.92492072768315,4,False,False,"POLYGON ((117.59999400000001 25.9, 118 25.9, 118 26.3, 117.59999400000001 26.3, 117.59999400000001 25.9))"
CEG2000_f4_r0019_c0111,福建,19,111,118.2,26.1000005,1.3086282458512404,0.043095189394754665,1776.5868079227462,26.653395281446574,16,35.14483769037891,30.59130520392268,35.435023318645015,28.7848664829606,30.73993557370171,18.62210827429995,19.886703258005845,17.45138816781864,25.95573456498348,25.544518717817464,24.88415186732087,26.784334770688552,4,False,False,"POLYGON ((118 25.9, 118.40000599999999 25.9, 118.40000599999999 26.3, 118 26.3, 118 25.9))"
CEG2000_f4_r0019_c0112,福建,19,112,118.5999985,26.1000005,0.21738582011813903,0.18538480404427168,1776.5601595203575,26.409167328712396,16,34.82654097933167,30.445472949463355,35.00430213366348,29.041493170218576,30.289022610831815,19.5187815258656,19.86556401144508,17.30561975875196,24.849216272915065,25.872350073132225,23.816418137440078,26.06431829029918,4,False,False,"POLYGON ((118.4 25.9, 118.8 25.9, 118.8 26.3, 118.4 26.3, 118.4 25.9))"
CEG2000_f4_r0019_c0113,福建,19,113,119.0,26.1000005,0.11332287395532034,0.38890429723016134,1776.5068627156434,26.86189934463899,16,35.17543103709104,30.58715448085958,35.50935486759634,30.658802407445716,30.570608215915257,20.561384164120458,21.005976955287217,17.91170768165569,23.718481732331394,26.16193544716873,24.144551741309915,26.307923822276663,4,False,False,"POLYGON ((118.800006 25.9, 119.199994 25.9, 119.199994 26.3, 118.800006 26.3, 118.800006 25.9))"
CEG2000_f4_r0019_c0114,福建,19,114,119.4000015,26.1000005,0.07650429913356589,0.5547881067637537,1776.5601595203575,28.592794754954266,16,36.83399331263124,31.60353133444257,37.90757216052454,35.030407822213455,32.097386644540194,22.84060659341113,23.073959595716786,19.91891450014926,24.828490462388356,26.01612287377843,24.95901392450356,27.981241478431546,3,True,False,"POLYGON ((119.2 25.9, 119.6 25.9, 119.6 26.3, 119.2 26.3, 119.2 25.9))"
CEG2000_f4_r0020_c0107,福建,20,107,116.68333066666666,26.483333777777776,2.8058397339573498,0.9585136248618245,1770.449717557293,27.275429673398175,9,36.858371501884015,35.06527268267359,33.92721094287733,28.35454928036045,29.59509406051582,19.244993326757886,20.552450715315665,18.345945569879692,27.675978825844005,25.44019716141328,25.216937225291474,27.253007239036293,3,True,True,"POLYGON ((116.4 26.3, 116.8 26.3, 116.8 26.700002, 116.4 26.700002, 116.4 26.3))"
CEG2000_f4_r0020_c0108,福建,20,108,117.0,26.500000500000002,2.7114312787605255,0.734776492560393,1770.3966040658374,27.353404245303793,16,36.846282405097945,37.67674180217122,34.163960365346036,27.548461138672177,29.40448217447837,19.241776819805764,20.213181306350403,18.30034297060141,26.667187646955803,25.405138081497146,25.528019443467215,27.57490592408657,4,False,False,"POLYGON ((116.800006 26.3, 117.199994 26.3, 117.199994 26.700002, 116.800006 26.700002, 116.800006 26.3))"
CEG2000_f4_r0020_c0109,福建,20,109,117.4000015,26.500000500000002,2.5337665937543172,0.5372389558406304,1770.449717557293,27.671157861975143,16,37.10134810158471,36.79772284504831,34.81650216614414,27.897743570121854,30.41206521097483,19.085311243597353,21.09418464420531,18.720369620589114,26.81788731492852,25.199482708347116,25.912625134974046,28.433557130988593,4,False,False,"POLYGON ((117.2 26.3, 117.6 26.3, 117.6 26.700002, 117.2 26.700002, 117.2 26.3))"
CEG2000_f4_r0020_c0110,福建,20,110,117.8,26.500000500000002,2.178385721207726,0.34949511653584975,1770.4762743030522,28.538474047918104,16,37.35307030136344,36.04918339463284,36.12696094523424,28.984396683998114,33.01489179709762,19.434978603470334,22.22529787035449,18.868772736610847,28.213391716817174,26.351018575398417,26.528688040190143,29.441004927470026,4,False,False,"POLYGON ((117.59999400000001 26.3, 118 26.3, 118 26.700002, 117.59999400000001 26.700002, 117.59999400000001 26.3))"
CEG2000_f4_r0020_c0111,福建,20,111,118.2,26.500000500000002,1.5240748245651585,0.2356053605800647,1770.4762743030522,28.547410366863538,16,36.54731259923738,35.26057378206037,37.125521880670796,29.975423970928784,33.21813304026058,19.329553063950932,22.7340434285761,18.69482708480059,27.699074963914125,26.785427301264743,26.49487488972924,28.79240395346756,4,False,False,"POLYGON ((118 26.3, 118.40000599999999 26.3, 118.40000599999999 26.700002, 118 26.700002, 118 26.3))"
CEG2000_f4_r0020_c0112,福建,20,112,118.5999985,26.500000500000002,0.9028943170945121,0.2929317488999938,1770.449717557293,27.292726754081503,16,35.3297190327888,31.738380620553173,37.06855501557274,29.378024272092205,31.471577378353697,19.42334953966536,21.061145578953614,17.627314119063417,25.528386541815735,25.944880965295315,25.494698701661115,27.432007340319384,4,False,False,"POLYGON ((118.4 26.3, 118.8 26.3, 118.8 26.700002, 118.4 26.700002, 118.4 26.3))"
CEG2000_f4_r0020_c0113,福建,20,113,119.0,26.500000500000002,0.5786168951320856,0.3830776860765117,1770.3966040658374,25.954678413527674,16,34.07147824098301,31.066314109136947,35.30227852906324,28.458274692332353,29.552170222891878,19.145677861907554,19.592874029920583,16.752375409591398,22.939816674118894,24.95893507321911,23.97988067021355,25.666007630749682,4,False,False,"POLYGON ((118.800006 26.3, 119.199994 26.3, 119.199994 26.700002, 118.800006 26.700002, 118.800006 26.3))"
CEG2000_f4_r0020_c0114,福建,20,114,119.4000015,26.500000500000002,0.414456951593973,0.47647921393266923,1770.449717557293,26.6350586217572,16,34.56136956696612,31.55994271902493,35.63308790104977,30.580571679668587,30.2096012674499,20.340808254046994,20.015762194746706,17.399588548899118,23.246147288271988,25.126779513106936,24.39425294942728,26.61315654226425,3,True,False,"POLYGON ((119.2 26.3, 119.6 26.3, 119.6 26.700002, 119.2 26.700002, 119.2 26.3))"
CEG2000_f4_r0021_c0107,福建,21,107,116.699997,26.799999999999997,2.607197429243644,0.9436594441412199,1764.2353132790938,27.86796812778631,4,38.36436650508926,35.09591735833654,34.339270232875364,29.216023675278947,30.46408364942921,19.269748613562935,21.740451932113906,18.856480203735114,27.80531238713208,26.039138153651006,25.365437144495182,28.009082767104772,2,True,True,"POLYGON ((116.4 26.7, 116.8 26.7, 116.8 27.1, 116.4 27.1, 116.4 26.7))"
CEG2000_f4_r0021_c0108,福建,21,108,117.0142852857143,26.87857142857143,2.4503340135080434,0.8835246760828571,1764.1823862197664,27.70013590137876,14,38.63876014031437,37.03160413845338,34.21983347642148,28.97029460951777,30.15780734600182,19.223038465310413,20.85643626870795,18.818905561584142,25.746927175003236,25.51442330659301,25.017210163773623,28.42638575461358,4,False,True,"POLYGON ((116.800006 26.7, 117.199994 26.7, 117.199994 27.1, 116.800006 27.1, 116.800006 26.7))"
CEG2000_f4_r0021_c0109,福建,21,109,117.4000015,26.900000000000002,2.237746546698511,0.7358705868418284,1764.2353132790938,27.854224204844556,16,37.74371518279019,38.40114955211496,33.52555112290114,28.561332237490188,31.043166300948084,18.85306599228073,20.88113642274799,19.135939402424068,26.41627403010859,25.680696933016854,25.609243705864053,28.693512150960895,4,False,False,"POLYGON ((117.2 26.7, 117.6 26.7, 117.6 27.1, 117.2 27.1, 117.2 26.7))"
CEG2000_f4_r0021_c0110,福建,21,110,117.8,26.900000000000002,1.9346836245116488,0.4685242428807154,1764.261776808789,29.1507901205614,16,37.86844133416003,39.30519059547043,36.093158160083874,29.398581924690305,33.56228496497037,19.389287702980745,22.481979617372282,19.355125944995766,28.216085645961737,26.697570612946823,27.01311319099873,30.677781395080036,4,False,False,"POLYGON ((117.59999400000001 26.7, 118 26.7, 118 27.1, 117.59999400000001 27.1, 117.59999400000001 26.7))"
CEG2000_f4_r0021_c0111,福建,21,111,118.2,26.900000000000002,1.5451931471275655,0.43535552288863927,1764.261776808789,29.35361990038747,16,37.48610201271552,38.27060413993599,37.502285264479724,30.133478054443625,34.06034041715449,19.145886314058853,23.646036294437263,19.30893585705468,28.135835306650936,27.201346913542665,27.370896230614385,30.14961408934589,4,False,False,"POLYGON ((118 26.7, 118.40000599999999 26.7, 118.40000599999999 27.1, 118 27.1, 118 26.7))"
CEG2000_f4_r0021_c0112,福建,21,112,118.5999985,26.900000000000002,1.1629581175663029,0.5872614542340999,1764.2353132790938,27.26413811275364,16,35.11696909165624,36.38859974851652,37.17252439331584,28.52415480201292,30.53890134416229,18.171459948442273,21.61913769159741,18.10541374599688,25.179465654770787,25.068252564632836,24.833314603918616,26.641811048848645,4,False,False,"POLYGON ((118.4 26.7, 118.8 26.7, 118.8 27.1, 118.4 27.1, 118.4 26.7))"
CEG2000_f4_r0021_c0113,福建,21,113,119.0,26.900000000000002,0.8730041749487235,0.5571814994698379,1764.1823862197664,25.55444285325991,16,33.81990126759614,33.478420673908914,35.58267539746895,27.294549317521465,28.361417463610657,18.13905475056061,19.13066461550485,16.50974560311667,22.56161470585673,23.28212737356778,23.37073424416317,25.28357454386751,4,False,False,"POLYGON ((118.800006 26.7, 119.199994 26.7, 119.199994 27.1, 118.800006 27.1, 118.800006 26.7))"
CEG2000_f4_r0021_c0114,福建,21,114,119.4000015,26.900000000000002,0.6767052051257619,0.6555561269616218,1764.2353132790938,26.63240185889502,16,34.59015753117685,34.329296609995716,36.85440128279742,29.47673043772264,29.38652132136964,19.394749954399057,19.801149881310277,17.08144174898246,22.739613410896336,24.688517948233052,24.837807665032994,26.579824306264786,4,False,False,"POLYGON ((119.2 26.7, 119.6 26.7, 119.6 27.1, 119.2 27.1, 119.2 26.7))"
CEG2000_f4_r0021_c0115,福建,21,115,119.77000000000001,26.96,0.5825199522903777,0.7423094899853585,1764.261776808789,28.724916655879134,10,36.8526100816549,35.03950427409051,40.921266814288224,33.17246474973039,31.547184669511932,20.755799675763374,21.027917494542667,18.097663292580787,23.936480140709424,26.641381194176986,27.112744815315395,29.68130518413425,2,True,False,"POLYGON ((119.59999400000001 26.7, 120 26.7, 120 27.1, 119.59999400000001 27.1, 119.59999400000001 26.7))"
CEG2000_f4_r0022_c0108,福建,22,108,117.149994,27.3000005,2.192866628556,1.0,1757.8822158551495,28.109879690599023,4,38.9742846315879,33.025300689246734,35.56700159471922,29.774814440445237,30.9958006311012,18.958767471769026,22.248098735517342,20.49083230528209,26.57089151962268,26.48994496792111,25.44468288437536,28.718151884991112,3,True,True,"POLYGON ((116.800006 27.100002, 117.199994 27.100002, 117.199994 27.5, 116.800006 27.5, 116.800006 27.100002))"
CEG2000_f4_r0022_c0109,福建,22,109,117.4000015,27.300000500000003,2.0675639607952845,0.743900076306864,1757.934953903696,28.400030100276865,16,38.71668391799761,35.360232471352944,34.57956057996777,30.072994015965964,31.924163807580786,19.105324782501715,22.255310790810984,20.30555741646823,26.37068371752773,26.72781397430858,25.801509438643464,29.6344229448961,4,False,False,"POLYGON ((117.2 27.100002, 117.6 27.100002, 117.6 27.5, 117.2 27.5, 117.2 27.100002))"
CEG2000_f4_r0022_c0110,福建,22,110,117.8,27.300000500000003,1.8272616024107882,0.6742979606861349,1757.9613229280003,29.394141768586177,16,38.044501769355364,39.25622627625929,35.788845098919595,30.475682591141865,33.26429940910684,19.203719565443464,23.25642505201267,20.77285799164753,28.00000107935968,27.509265401963827,26.550578363833075,30.813027125306427,4,False,False,"POLYGON ((117.59999400000001 27.100002, 118 27.100002, 118 27.5, 117.59999400000001 27.5, 117.59999400000001 27.100002))"
CEG2000_f4_r0022_c0111,福建,22,111,118.2,27.300000500000003,1.5531647125269115,0.6351061845732441,1757.9613229280003,30.363730943568545,16,38.212504361822575,40.55216720484928,38.6733847431907,31.451511148190413,34.27337149340168,19.733462441183555,24.02447657349096,20.885938478985807,28.735138122302224,28.286097290321248,27.845417185782388,31.907027364648336,4,False,False,"POLYGON ((118 27.100002, 118.40000599999999 27.100002, 118.40000599999999 27.5, 118 27.5, 118 27.100002))"
CEG2000_f4_r0022_c0112,福建,22,112,118.5999985,27.300000500000003,1.2816291298654139,0.6909181817120932,1757.934953903696,28.77451586033217,16,36.79962393884357,37.31960981532466,38.542889168589646,30.252331695180825,32.381795240842955,18.640169376511263,23.2517148522171,19.327738969714904,26.50345910185314,26.758811205270387,26.55106442678464,29.092051857658944,4,False,False,"POLYGON ((118.4 27.100002, 118.8 27.100002, 118.8 27.5, 118.4 27.5, 118.4 27.100002))"
CEG2000_f4_r0022_c0113,福建,22,113,118.9857147142857,27.278572,1.0474511103127915,0.8842818531661646,1757.8822158551495,26.56860642236237,14,34.824675904940456,34.861080518506874,37.39697203748189,27.925155906817267,29.31746644181285,17.93025076288503,20.351055982775936,17.68385536811033,23.46258488289045,24.344885698849136,24.36748338384374,26.486713322636987,3,True,True,"POLYGON ((118.800006 27.100002, 119.199994 27.100002, 119.199994 27.5, 118.800006 27.5, 118.800006 27.100002))"
CEG2000_f4_r0022_c0114,福建,22,114,119.41000159999999,27.290000533333334,0.8542169859565312,0.8239720074032222,1757.934953903696,26.315825468614495,15,34.47473224080631,35.80459039881788,36.66935101041144,28.951242800982417,28.72797105650961,18.397351027996777,19.21050617900921,17.415634228768404,21.846218328462516,24.23678130394369,24.41640005358267,25.87543151656599,3,True,True,"POLYGON ((119.2 27.100002, 119.6 27.100002, 119.6 27.5, 119.2 27.5, 119.2 27.100002))"
CEG2000_f4_r0022_c0115,福建,22,115,119.76818072727274,27.250000727272724,0.7114495124110559,0.9594252014002846,1757.9613229280003,26.828098880730256,11,34.931068132805464,34.58487564868474,36.77092647757585,29.851947681398155,30.362416213216434,18.622158021665708,19.739714673629308,17.576398752297017,22.352573872667293,25.314714638456913,25.15210698818557,26.81312239001628,3,True,True,"POLYGON ((119.59999400000001 27.100002, 120 27.100002, 120 27.5, 119.59999400000001 27.5, 119.59999400000001 27.100002))"
CEG2000_f4_r0022_c0116,福建,22,116,120.1699988,27.2400008,0.5991327773590179,0.938051735235575,1757.9613229280003,27.36422271848897,10,34.74903816156953,33.39569639574387,35.37017332062155,32.30358386165633,31.386926526697067,19.827229800243433,20.4157445689257,17.776752841293856,23.340735799003088,25.533372566132442,25.631658565523576,28.75941390823077,1,True,True,"POLYGON ((120 27.100002, 120.40000599999999 27.100002, 120.40000599999999 27.5, 120 27.5, 120 27.100002))"
CEG2000_f4_r0023_c0108,福建,23,108,117.1099964,27.630000799999998,2.1058560345689665,0.9600717960110526,1751.5139788721547,29.061571773798665,5,39.01836140944909,33.28142096104139,37.31586672702421,32.85144350109424,31.70606103545755,19.795551852182538,23.851869268484492,21.91810964891178,27.67977256611174,26.610264026902946,25.630294644155676,29.020183510666293,2,True,True,"POLYGON ((116.800006 27.5, 117.199994 27.5, 117.199994 27.900000000000002, 116.800006 27.900000000000002, 116.800006 27.5))"
CEG2000_f4_r0023_c0109,福建,23,109,117.41000159999999,27.690000533333336,1.9603019636640329,0.9022412855140177,1751.5665258678603,27.812059071484427,15,38.36774580574153,33.320407789140496,33.88949783830445,30.33265104643926,31.21084832458656,19.20532724676034,22.560261848240266,20.661722485636272,25.66693279388236,25.55688391933576,24.79936205610759,28.165736551785468,3,True,True,"POLYGON ((117.2 27.5, 117.6 27.5, 117.6 27.900000000000002, 117.2 27.900000000000002, 117.2 27.5))"
CEG2000_f4_r0023_c0110,福建,23,110,117.80333333333333,27.690000533333336,1.7675864146590257,0.9289057655307646,1751.5927993657442,28.31326830656452,15,37.114029344831735,36.970857965500095,33.88753983316907,30.66092957042476,32.10345180099682,19.36865657307505,22.936098166776496,20.980517688469597,26.879919310355284,25.83297358514336,24.429313027747263,28.769156185614218,3,True,True,"POLYGON ((117.59999400000001 27.5, 118 27.5, 118 27.900000000000002, 117.59999400000001 27.900000000000002, 117.59999400000001 27.5))"
CEG2000_f4_r0023_c0111,福建,23,111,118.2,27.7000005,1.5573511654983505,0.834856596569834,1751.5927993657442,28.75503731773706,16,36.9721911175154,38.257673770270806,35.14541151188243,30.21218385716928,32.861884894527876,19.185181369261116,22.91677984209394,20.456774811805175,27.24103472643878,26.82168369838679,25.70619732232036,29.48763543663436,4,False,False,"POLYGON ((118 27.5, 118.40000599999999 27.5, 118.40000599999999 27.900000000000002, 118 27.900000000000002, 118 27.5))"
CEG2000_f4_r0023_c0112,福建,23,112,118.5999985,27.7000005,1.3477157066376946,0.7480163325338205,1751.5665258678603,29.108302603160457,16,36.67628701801021,40.53662946888934,37.330229938981056,30.04755103380241,32.79285041501411,19.092129403670302,23.163671363341013,20.263441236323548,26.95683258729798,26.959801942276183,26.303676267645162,29.46116387271395,3,True,True,"POLYGON ((118.4 27.5, 118.8 27.5, 118.8 27.900000000000002, 118.4 27.900000000000002, 118.4 27.5))"
CEG2000_f4_r0024_c0111,福建,24,111,118.23333433333333,27.983333333333334,1.5440688256990742,0.9680230385248639,1745.1300999903503,28.039448906783967,6,36.68314380945599,37.0547070859987,32.94848749472868,29.576031393242484,32.85993035059263,19.397438261282726,22.600917388439406,21.189828721409185,26.044568947890372,25.205394464890148,24.811627326614847,28.28525959364707,2,True,True,"POLYGON ((118 27.9, 118.40000599999999 27.9, 118.40000599999999 28.3, 118 28.3, 118 27.9))"
CEG2000_f4_r0024_c0112,福建,24,112,118.58999840000001,28.10333386666667,1.393938721276367,0.9211051082028714,1745.1039234315028,28.563867201147865,15,36.57406013278817,38.352223365655696,34.06461186100162,29.66457315561221,32.74913659450473,19.675454766687576,22.880726312954124,20.69888551330063,26.570615584445395,26.06756060957239,25.977379912000718,29.723735603417893,2,True,True,"POLYGON ((118.4 27.9, 118.8 27.9, 118.8 28.3, 118.4 28.3, 118.4 27.9))"
