region,variant,view,cell_count,adj_precision,adj_recall,adj_f1,original_edge_count,display_edge_count,preserved_edge_count,lost_edge_count,new_edge_count,np2,np3,local_direction_error_deg,angular_error_deg,radial_spearman,area_cv,overlap_ratio,gap_ratio,invalid_polygon_count
湖北,Full,disk,130,0.4676056338028169,0.7377777777777778,0.5724137931034483,225.0,355.0,166.0,59.0,189.0,0.44952997032326264,0.46769937930109684,30.36600072543631,2.661056805693684,0.9782545166532384,0.7574082781557224,1.4135956276327557e-16,2.95441486175246e-14,0.0
湖北,Full,annulus,130,0.48598130841121495,0.6933333333333334,0.5714285714285714,225.0,321.0,156.0,69.0,165.0,0.4798701381310336,0.5283436307192884,27.995051323276744,2.132289787864355,0.9710715700064182,0.7136034861279567,1.8367926554479684e-15,5.4364819793905045e-08,0.0
湖北,No topology optimization,disk,130,0.4591549295774648,0.7244444444444444,0.5620689655172414,225.0,355.0,163.0,62.0,192.0,0.4504091587883837,0.46838909596732675,29.609546993110886,2.326262712635403,0.9785877179805813,0.7562705770996023,2.8271912552655114e-16,2.968550818028787e-14,0.0
湖北,No topology optimization,annulus,130,0.4735202492211838,0.6755555555555556,0.5567765567765568,225.0,321.0,152.0,73.0,169.0,0.48085907926584276,0.5261385524142363,27.152933333039655,1.9106031390593987,0.9713119119474526,0.713619358585984,0.0,5.753300334008753e-08,0.0
湖北,No angular constraint,disk,130,0.4647887323943662,0.7333333333333333,0.5689655172413793,225.0,355.0,165.0,60.0,190.0,0.44906356005979925,0.4684496332428239,30.281819051033317,2.764941264361266,0.9793415177047343,0.7574485432181819,4.2407868828982674e-16,2.9261429491998045e-14,0.0
湖北,No angular constraint,annulus,130,0.48286604361370716,0.6888888888888889,0.5677655677655677,225.0,321.0,155.0,70.0,166.0,0.4781120771874523,0.52728866813801,28.137690468548143,2.175174293039445,0.9713993090169195,0.7136020338391234,1.6531133899031716e-15,5.4372461953427303e-08,0.0
湖北,No radial constraint,disk,130,0.25280898876404495,0.4,0.30981067125645445,225.0,356.0,90.0,135.0,266.0,0.26773794149331664,0.3483990388056699,67.74181740058367,4.068368959370507,-0.055270452962624096,0.6819681094502784,0.0,3.5905328941872e-14,0.0
湖北,No radial constraint,annulus,130,0.2676923076923077,0.38666666666666666,0.31636363636363635,225.0,325.0,87.0,138.0,238.0,0.29188413456640105,0.3977419548766625,60.282705385581075,3.4543008662488406,-0.10144341722541617,0.7132564780951034,0.0,5.632376412028047e-08,0.0
湖北,No area balancing,disk,130,0.4704225352112676,0.7422222222222222,0.5758620689655173,225.0,355.0,167.0,58.0,188.0,0.46851400489314404,0.48344386428884895,30.973482598865385,1.7916482064677033,0.9766922940365156,0.8032125079441199,2.8271912552655114e-16,3.53398906908189e-14,0.0
湖北,No area balancing,annulus,130,0.490625,0.6977777777777778,0.5761467889908257,225.0,320.0,157.0,68.0,163.0,0.48225672691078536,0.5198768900766931,28.2040938872747,1.3789681860788046,0.9722842043452731,0.852868736197726,0.0,5.2516295543766733e-08,0.0
湖北,No warp,disk,130,0.4676056338028169,0.7377777777777778,0.5724137931034483,225.0,355.0,166.0,59.0,189.0,0.44952997032326264,0.46769937930109684,30.36934002211829,2.644803129165508,0.9789536932089746,0.7599123933117882,2.8271912552655114e-16,9.89516939342929e-16,0.0
湖北,No warp,annulus,130,0.48598130841121495,0.6933333333333334,0.5714285714285714,225.0,321.0,156.0,69.0,165.0,0.4798701381310336,0.5283436307192884,28.04261366268226,2.1377700904459025,0.9726993404252413,0.7094932140478781,2.5715097176271556e-15,5.510377966343905e-16,0.0
湖南,Full,disk,137,0.5308310991957105,0.8181818181818182,0.6439024390243903,242.0,373.0,198.0,44.0,175.0,0.5589203613203685,0.5810638963365939,25.814701480336986,2.168259594320291,0.9822838687998207,0.41086348385102994,4.2407868828982674e-16,3.6329407630161826e-14,0.0
湖南,Full,annulus,137,0.5441176470588235,0.7644628099173554,0.6357388316151202,242.0,340.0,185.0,57.0,155.0,0.550706937930108,0.6007997858332225,25.106153555819354,1.9603187555707553,0.9799036720368883,0.3666145222763385,0.0,6.486895189347168e-08,0.0
湖南,No topology optimization,disk,137,0.5227882037533512,0.8057851239669421,0.6341463414634146,242.0,373.0,195.0,47.0,178.0,0.5560578919660046,0.5829534835966642,25.67510085961645,1.9251288221126377,0.9816164802957044,0.4101267912377271,1.4135956276327558e-15,3.7318924569504755e-14,0.0
湖南,No topology optimization,annulus,137,0.5264705882352941,0.7396694214876033,0.6151202749140894,242.0,340.0,179.0,63.0,161.0,0.5490411969395496,0.603590592147831,24.949974042809792,1.6279171105808008,0.9772574532828047,0.3666221143426687,2.3878304520823588e-15,6.461279738172453e-08,0.0
湖南,No angular constraint,disk,137,0.5335120643431636,0.8223140495867769,0.6471544715447154,242.0,373.0,199.0,43.0,174.0,0.5598916729337051,0.5796799096797509,25.871341149482916,2.180556086066426,0.9825312225810666,0.405284521917513,4.2407868828982674e-16,3.6188048067398546e-14,0.0
湖南,No angular constraint,annulus,137,0.538235294117647,0.756198347107438,0.6288659793814433,242.0,340.0,183.0,59.0,157.0,0.5481225636292754,0.6013500767356741,25.01117652088149,2.007639392656706,0.9805990628558627,0.3666212686804387,1.8367926554479684e-15,6.210440408436168e-08,0.0
湖南,No radial constraint,disk,137,0.28083989501312334,0.44214876033057854,0.3434991974317817,242.0,381.0,107.0,135.0,274.0,0.3199607303329459,0.42098625159053116,62.63642353850129,2.7136991674266966,0.05676535926969963,0.26471176630474563,0.0,4.184243057792957e-14,0.0
湖南,No radial constraint,annulus,137,0.33527696793002915,0.47520661157024796,0.39316239316239315,242.0,343.0,115.0,127.0,228.0,0.367281117725286,0.49567016084131443,54.22118734514448,2.1304332528137317,0.036276998898575614,0.37638204313063417,1.6531133899031716e-15,5.574254157522205e-08,0.0
湖南,No area balancing,disk,137,0.5508021390374331,0.8512396694214877,0.6688311688311689,242.0,374.0,206.0,36.0,168.0,0.5689066662413906,0.5842971079042759,25.596269565392134,1.6989711641981764,0.9823352063770605,0.46762247467834195,0.0,3.64707671929251e-14,0.0
湖南,No area balancing,annulus,137,0.543026706231454,0.756198347107438,0.6321243523316061,242.0,337.0,183.0,59.0,154.0,0.5421681000295043,0.5964433165269766,25.18072890255577,1.4384362828523047,0.9829139208841264,0.5548527706956159,9.183963277239842e-16,4.642863623836519e-08,0.0
湖南,No warp,disk,137,0.5308310991957105,0.8181818181818182,0.6439024390243903,242.0,373.0,198.0,44.0,175.0,0.5589203613203685,0.5810638963365939,25.755182815961355,2.1417277980589815,0.9862321951948027,0.4114865841363616,0.0,1.2722360648694803e-15,0.0
湖南,No warp,annulus,137,0.5441176470588235,0.7644628099173554,0.6357388316151202,242.0,340.0,185.0,57.0,155.0,0.550706937930108,0.6007997858332225,25.130312013608204,1.9297687875076848,0.9818218306046632,0.3591608675013654,0.0,0.0,0.0
江西,Full,disk,107,0.5454545454545454,0.8297872340425532,0.6582278481012658,188.0,286.0,156.0,32.0,130.0,0.5674903102222536,0.5908666388335978,26.60034518293731,2.055417427503063,0.9808185897059112,0.5900752210416457,7.067978138163779e-16,4.509370052148491e-14,0.0
江西,Full,annulus,107,0.55,0.7606382978723404,0.6383928571428571,188.0,260.0,143.0,45.0,117.0,0.5661421930273286,0.616765871895289,25.398799747360016,1.9065457384616702,0.9741668136131194,0.6579280369658905,0.0,4.351251189102526e-08,0.0
江西,No topology optimization,disk,107,0.5298245614035088,0.8031914893617021,0.6384778012684988,188.0,285.0,151.0,37.0,134.0,0.566594134705722,0.5816998763531281,25.42984044042845,2.164770738205104,0.9797899645369229,0.5472814344435603,5.654382510531023e-16,5.569566772873058e-14,0.0
江西,No topology optimization,annulus,107,0.5307692307692308,0.7340425531914894,0.6160714285714285,188.0,260.0,138.0,50.0,122.0,0.5711467399462978,0.6251172030257867,24.43644183856792,1.3584555395342022,0.9737749564058857,0.6565953273239814,0.0,4.718509780303737e-08,0.0
江西,No angular constraint,disk,107,0.541958041958042,0.824468085106383,0.6540084388185654,188.0,286.0,155.0,33.0,131.0,0.5617975940326947,0.5814568645766659,27.032763786158508,2.428117570415197,0.9808283861360921,0.5902243055368066,8.481573765796535e-16,4.509370052148491e-14,0.0
江西,No angular constraint,annulus,107,0.55,0.7606382978723404,0.6383928571428571,188.0,260.0,143.0,45.0,117.0,0.5641832458150612,0.6141249093428655,25.486879070337935,2.2145649736886344,0.9742941672054704,0.6578425512847269,9.183963277239842e-16,4.3750303435558085e-08,0.0
江西,No radial constraint,disk,107,0.2602739726027397,0.40425531914893614,0.31666666666666665,188.0,292.0,76.0,112.0,216.0,0.32764700727595575,0.42867571670452426,65.3734458221245,4.06529040664271,0.003007504065518525,0.4413270476964786,0.0,3.6612126755688374e-14,0.0
江西,No radial constraint,annulus,107,0.3181818181818182,0.44680851063829785,0.37168141592920345,188.0,264.0,84.0,104.0,180.0,0.3733733490689843,0.501030019681742,56.39780846041025,3.082906074565994,-0.02805697603793178,0.5459951822942904,1.4694341243583748e-15,4.9723690543165505e-08,0.0
江西,No area balancing,disk,107,0.5454545454545454,0.8297872340425532,0.6582278481012658,188.0,286.0,156.0,32.0,130.0,0.5674903102222536,0.5908666388335978,26.60034518293731,2.055417427503063,0.9808185897059112,0.5900752210416457,7.067978138163779e-16,4.509370052148491e-14,0.0
江西,No area balancing,annulus,107,0.5521235521235521,0.7606382978723404,0.639821029082774,188.0,259.0,143.0,45.0,116.0,0.5671912744003772,0.6180183269834532,25.4271364690044,1.72227359071149,0.974999510178491,0.6962890478353522,1.102075593268781e-15,4.0119387369086e-08,0.0
江西,No warp,disk,107,0.5454545454545454,0.8297872340425532,0.6582278481012658,188.0,286.0,156.0,32.0,130.0,0.5674903102222536,0.5908666388335978,26.682143684257625,2.0547374718035574,0.98126922549423,0.5908435794356207,0.0,1.2722360648694803e-15,0.0
江西,No warp,annulus,107,0.55,0.7606382978723404,0.6383928571428571,188.0,260.0,143.0,45.0,117.0,0.5661421930273286,0.616765871895289,25.407170389973224,1.8743350822349052,0.9736671956738965,0.6488373601278179,1.4694341243583748e-15,0.0,0.0
广东,Full,disk,108,0.49491525423728816,0.8066298342541437,0.6134453781512604,181.0,295.0,146.0,35.0,149.0,0.49245797901512667,0.5047434790748249,28.82318278357368,3.7818528003737146,0.9801080339535282,1.912078401403175,0.0,2.2617530042124092e-14,0.0
广东,Full,annulus,108,0.49814126394052044,0.7403314917127072,0.5955555555555555,181.0,269.0,134.0,47.0,135.0,0.48907359097272685,0.5265509046657437,28.12653013454965,2.339714995118842,0.9725818590604665,2.241432775605215,1.102075593268781e-15,3.97921273074197e-08,0.0
广东,No topology optimization,disk,108,0.4745762711864407,0.7734806629834254,0.588235294117647,181.0,295.0,140.0,41.0,155.0,0.49577421691545503,0.5062127040958667,26.605088228231,3.2182599743325984,0.9802414092047976,1.91194057170986,0.0,2.304160873041392e-14,0.0
广东,No topology optimization,annulus,108,0.4721189591078067,0.7016574585635359,0.5644444444444444,181.0,269.0,127.0,54.0,142.0,0.48913905825525644,0.5247233493284299,25.70066761412055,1.7733364887129373,0.9712862137624205,2.2414382815571146,5.510377966343905e-16,4.2101741617855116e-08,0.0
广东,No angular constraint,disk,108,0.4915254237288136,0.8011049723756906,0.6092436974789915,181.0,295.0,145.0,36.0,150.0,0.4857948131861394,0.5028750795345017,28.999926298670346,3.971233124447313,0.9802795164194461,1.912082443286811,0.0,2.2617530042124092e-14,0.0
广东,No angular constraint,annulus,108,0.4944237918215613,0.7348066298342542,0.5911111111111111,181.0,269.0,133.0,48.0,136.0,0.48551130835987666,0.5243675534514631,28.020921465691707,2.5057077261655856,0.9731344136728686,2.241425903360595,9.183963277239842e-16,4.554810759538445e-08,0.0
广东,No radial constraint,disk,108,0.2760942760942761,0.4530386740331492,0.34309623430962344,181.0,297.0,82.0,99.0,215.0,0.2967551123317086,0.38230999321700726,64.56610832880516,6.289781487016791,0.19226042470490728,1.517199835486908,0.0,2.883735080370822e-14,0.0
广东,No radial constraint,annulus,108,0.3111111111111111,0.46408839779005523,0.3725055432372506,181.0,270.0,84.0,97.0,186.0,0.31584244563016134,0.43538579033328695,58.2875069209276,4.657805868217344,0.17165394838377776,1.8401205514266104,0.0,4.854601403363261e-08,0.0
广东,No area balancing,disk,108,0.49491525423728816,0.8066298342541437,0.6134453781512604,181.0,295.0,146.0,35.0,149.0,0.49245797901512667,0.5047434790748249,28.82318278357368,3.7818528003737146,0.9801080339535282,1.912078401403175,0.0,2.2617530042124092e-14,0.0
广东,No area balancing,annulus,108,0.49814126394052044,0.7403314917127072,0.5955555555555555,181.0,269.0,134.0,47.0,135.0,0.48907359097272685,0.5265509046657437,28.12653013454965,2.339714995118842,0.9725818590604665,2.241432775605215,1.102075593268781e-15,3.97921273074197e-08,0.0
广东,No warp,disk,108,0.49491525423728816,0.8066298342541437,0.6134453781512604,181.0,295.0,146.0,35.0,149.0,0.49245797901512667,0.5047434790748249,28.712982712444585,3.779290912751793,0.9815846885211542,1.9089303222417646,1.2722360648694803e-15,1.2722360648694803e-15,0.0
广东,No warp,annulus,108,0.49814126394052044,0.7403314917127072,0.5955555555555555,181.0,269.0,134.0,47.0,135.0,0.48907359097272685,0.5265509046657437,28.033945453994747,2.3213128028128986,0.9753922661407871,2.235336641192327,0.0,1.8367926554479685e-16,0.0
福建,Full,disk,74,0.5968586387434555,0.912,0.7215189873417721,125.0,191.0,114.0,11.0,77.0,0.5967289643261198,0.5964237693039404,21.603840232369045,2.4943462097319964,0.9625916327286187,0.5701245446236336,0.0,3.5057171565292344e-14,0.0
福建,Full,annulus,74,0.5689655172413793,0.792,0.6622073578595318,125.0,174.0,99.0,26.0,75.0,0.6128595258626218,0.6882970686682575,23.307448755497735,2.0308417868389474,0.9534987041836355,0.5430829479688264,3.673585310895937e-16,3.0726474049268444e-08,0.0
福建,No topology optimization,disk,74,0.6020942408376964,0.92,0.7278481012658228,125.0,191.0,115.0,10.0,76.0,0.601308783157787,0.5999285011464549,21.376474839092523,2.3175472845092537,0.963006293965198,0.5695454784329995,4.2407868828982674e-16,3.53398906908189e-14,0.0
福建,No topology optimization,annulus,74,0.5632183908045977,0.784,0.6555183946488293,125.0,174.0,98.0,27.0,76.0,0.6086352580354127,0.6824425709549099,23.21773513697871,1.86856091806688,0.9524028137726765,0.5431267859820156,3.673585310895937e-16,3.188299640146781e-08,0.0
福建,No angular constraint,disk,74,0.5968586387434555,0.912,0.7215189873417721,125.0,191.0,114.0,11.0,77.0,0.5967289643261198,0.5964237693039404,21.603840232369045,2.4943462097319964,0.9625916327286187,0.5701245446236336,0.0,3.5057171565292344e-14,0.0
福建,No angular constraint,annulus,74,0.5689655172413793,0.792,0.6622073578595318,125.0,174.0,99.0,26.0,75.0,0.6128595258626218,0.6882970686682575,23.307448755497735,2.0308417868389474,0.9534987041836355,0.5430829479688264,3.673585310895937e-16,3.0726474049268444e-08,0.0
福建,No radial constraint,disk,74,0.23979591836734693,0.376,0.29283489096573206,125.0,196.0,47.0,78.0,149.0,0.3593627118669183,0.46924916973003233,59.97290557618811,4.288233312133291,0.16715290633098848,0.3715999654804613,0.0,2.7423755176075462e-14,0.0
福建,No radial constraint,annulus,74,0.3333333333333333,0.464,0.3879598662207358,125.0,174.0,58.0,67.0,116.0,0.44691063226279937,0.5593890612247499,51.81646899951666,3.209798642041703,0.1726915957052943,0.46395624250185935,0.0,2.6816965579328803e-08,0.0
福建,No area balancing,disk,74,0.6073298429319371,0.928,0.7341772151898736,125.0,191.0,116.0,9.0,75.0,0.6076123997447528,0.6113917795893937,21.176996203725174,2.122773401350776,0.9693446871529062,0.6453070296876874,0.0,3.420901418871269e-14,0.0
福建,No area balancing,annulus,74,0.5747126436781609,0.8,0.6688963210702341,125.0,174.0,100.0,25.0,74.0,0.6116400478049084,0.6847894280175417,23.3902954277819,1.701693233479531,0.9625323954091075,0.6137357568448388,5.510377966343905e-16,3.4700553495576234e-08,0.0
福建,No warp,disk,74,0.5968586387434555,0.912,0.7215189873417721,125.0,191.0,114.0,11.0,77.0,0.5967289643261198,0.5964237693039404,21.532854531396975,2.4642658218872966,0.9645168456127358,0.5733889247833233,0.0,5.654382510531023e-16,0.0
福建,No warp,annulus,74,0.5689655172413793,0.792,0.6622073578595318,125.0,174.0,99.0,26.0,75.0,0.6128595258626218,0.6882970686682575,23.324578168914776,2.0160958371103317,0.9540910773787485,0.5380215274074981,0.0316445450643562,0.03164454506435748,0.0
广西,Full,disk,142,0.5440414507772021,0.8467741935483871,0.662460567823344,248.0,386.0,210.0,38.0,176.0,0.5296883184476392,0.5451308041700504,26.698625194845885,1.7527720541753555,0.9827364723978449,0.48848962292275366,1.4135956276327557e-16,3.8308441508847684e-14,0.0
广西,Full,annulus,142,0.5300859598853869,0.7459677419354839,0.6197654941373534,248.0,349.0,185.0,63.0,164.0,0.5274108739606056,0.5789016793502716,26.641620661714306,1.6460146099000885,0.9794086644551134,0.5045428057691891,9.183963277239842e-16,6.182473660615289e-08,0.0
广西,No topology optimization,disk,142,0.5466321243523317,0.8508064516129032,0.6656151419558362,248.0,386.0,211.0,37.0,175.0,0.5321081179080422,0.5509400424720332,26.10449039403023,1.9244614220839071,0.9817431594476845,0.4522992312250353,0.0,5.0748083032015935e-14,0.0
广西,No topology optimization,annulus,142,0.52,0.7338709677419355,0.6086956521739131,248.0,350.0,182.0,66.0,168.0,0.5310958970527414,0.5794885371630669,25.888950520613033,1.5391543911274204,0.9757413698078968,0.41980710000210786,5.510377966343905e-16,5.654915125297326e-08,0.0
广西,No angular constraint,disk,142,0.5440414507772021,0.8467741935483871,0.662460567823344,248.0,386.0,210.0,38.0,176.0,0.5296883184476392,0.5451308041700504,26.698625194845885,1.7527720541753555,0.9827364723978449,0.48848962292275366,1.4135956276327557e-16,3.8308441508847684e-14,0.0
广西,No angular constraint,annulus,142,0.5300859598853869,0.7459677419354839,0.6197654941373534,248.0,349.0,185.0,63.0,164.0,0.5274108739606056,0.5789016793502716,26.641620661714306,1.6460146099000885,0.9794086644551134,0.5045428057691891,9.183963277239842e-16,6.182473660615289e-08,0.0
广西,No radial constraint,disk,142,0.23857868020304568,0.3790322580645161,0.29283489096573206,248.0,394.0,94.0,154.0,300.0,0.30206983488859684,0.3910202762999393,67.37813126049625,2.6316511754534746,0.13536089322724024,0.33723657620824476,0.0,3.7884362820557856e-14,0.0
广西,No radial constraint,annulus,142,0.29775280898876405,0.4274193548387097,0.35099337748344367,248.0,356.0,106.0,142.0,250.0,0.33617536371019163,0.4577429331440632,59.18247333898611,1.9627112056380436,0.10049435131844482,0.42705099891592335,1.8367926554479685e-16,6.282732287627713e-08,0.0
广西,No area balancing,disk,142,0.5440414507772021,0.8467741935483871,0.662460567823344,248.0,386.0,210.0,38.0,176.0,0.5296883184476392,0.5451308041700504,26.698625194845885,1.7527720541753555,0.9827364723978449,0.48848962292275366,1.4135956276327557e-16,3.8308441508847684e-14,0.0
广西,No area balancing,annulus,142,0.5057142857142857,0.7137096774193549,0.5919732441471572,248.0,350.0,177.0,71.0,173.0,0.5075139564945526,0.5654743317208663,26.529603251787535,1.4932705820428953,0.9794966795266468,0.5582403259662515,1.4694341243583748e-15,6.753026938383577e-08,0.0
广西,No warp,disk,142,0.5440414507772021,0.8467741935483871,0.662460567823344,248.0,386.0,210.0,38.0,176.0,0.5296883184476392,0.5451308041700504,26.87146285398309,1.7661418007572078,0.9824640447954803,0.4862546214589488,0.0,1.1308765021062046e-15,0.0
广西,No warp,annulus,142,0.5300859598853869,0.7459677419354839,0.6197654941373534,248.0,349.0,185.0,63.0,164.0,0.5274108739606056,0.5789016793502716,26.68791898249663,1.6517307355485245,0.9807708024669367,0.4965796358050457,1.8367926554479685e-16,0.0,0.0
安徽,Full,disk,96,0.5097276264591439,0.81875,0.6282973621103116,160.0,257.0,131.0,29.0,126.0,0.5248159348478892,0.5432156679211878,27.52958608227101,3.931914954583784,0.978893109061313,0.34411955204894834,7.067978138163779e-16,1.724586665711962e-14,0.0
安徽,Full,annulus,96,0.521551724137931,0.75625,0.6173469387755102,160.0,232.0,121.0,39.0,111.0,0.5389379511670533,0.6061935091241087,25.4679042136135,2.4660952389959854,0.9731416169289202,0.4361308094029723,0.0,3.9967287895987056e-08,0.0
安徽,No topology optimization,disk,96,0.5252918287937743,0.84375,0.6474820143884893,160.0,257.0,135.0,25.0,122.0,0.5368580209145183,0.5547692111793888,26.63512841009115,3.6638691482672434,0.9790694519804666,0.3440995506092688,4.2407868828982674e-16,1.766994534540945e-14,0.0
安徽,No topology optimization,annulus,96,0.5086206896551724,0.7375,0.6020408163265306,160.0,232.0,118.0,42.0,114.0,0.5378857806029825,0.6068829317088391,24.5400000669866,2.053316691115983,0.9722327726532827,0.43611759019837826,0.0,4.047577602339946e-08,0.0
安徽,No angular constraint,disk,96,0.5097276264591439,0.81875,0.6282973621103116,160.0,257.0,131.0,29.0,126.0,0.5248159348478892,0.5432156679211878,27.52958608227101,3.931914954583784,0.978893109061313,0.34411955204894834,7.067978138163779e-16,1.724586665711962e-14,0.0
安徽,No angular constraint,annulus,96,0.521551724137931,0.75625,0.6173469387755102,160.0,232.0,121.0,39.0,111.0,0.5389379511670533,0.6061935091241087,25.4679042136135,2.4660952389959854,0.9731416169289202,0.4361308094029723,0.0,3.9967287895987056e-08,0.0
安徽,No radial constraint,disk,96,0.22053231939163498,0.3625,0.27423167848699764,160.0,263.0,58.0,102.0,205.0,0.31300358439206794,0.4059793401070963,63.176055438194986,4.336349650886625,-0.05103092783505155,0.34403931907447916,0.0,1.880082184751565e-14,0.0
安徽,No radial constraint,annulus,96,0.2606837606837607,0.38125,0.3096446700507614,160.0,234.0,61.0,99.0,173.0,0.3734364446173215,0.49283673420138213,54.51173585672768,3.283674452417449,-0.0723412913727618,0.441512032971766,1.8367926554479685e-16,4.3825275801375504e-08,0.0
安徽,No area balancing,disk,96,0.5116279069767442,0.825,0.631578947368421,160.0,258.0,132.0,28.0,126.0,0.5392848028184841,0.549835810096824,26.720938329538548,2.2260738206228283,0.9796120455778622,0.5235472220133874,0.0,3.64707671929251e-14,0.0
安徽,No area balancing,annulus,96,0.5238095238095238,0.75625,0.6189258312020461,160.0,231.0,121.0,39.0,110.0,0.5382493883896747,0.6023082866062753,25.330505376231535,1.6992685927867601,0.9752577319587629,0.596592674627425,1.8367926554479685e-16,4.694693449167108e-08,0.0
安徽,No warp,disk,96,0.5097276264591439,0.81875,0.6282973621103116,160.0,257.0,131.0,29.0,126.0,0.5248159348478892,0.5432156679211878,27.465908541035997,3.851819224326088,0.9797476939772111,0.3520761506764132,0.010697762742038493,0.010697762742039483,0.0
安徽,No warp,annulus,96,0.521551724137931,0.75625,0.6173469387755102,160.0,232.0,121.0,39.0,111.0,0.5389379511670533,0.6061935091241087,25.356527557266645,2.404512709641773,0.9744031470428649,0.435445837007472,0.0,7.347170621791874e-16,0.0
浙江,Full,disk,65,0.6,0.9272727272727272,0.7285714285714284,110.0,170.0,102.0,8.0,68.0,0.6241102448724605,0.63200553410678,17.685913253806106,3.7190652020189283,0.9635926573426574,0.27655907884500136,7.067978138163779e-16,2.43138447952834e-14,0.0
浙江,Full,annulus,65,0.6190476190476191,0.8272727272727273,0.708171206225681,110.0,147.0,91.0,19.0,56.0,0.6652194813733275,0.7458019093129857,21.02148604054693,2.4194189449070924,0.9445804195804196,0.30619424688395713,1.4694341243583748e-15,3.785039483030141e-08,0.0
浙江,No topology optimization,disk,65,0.6058823529411764,0.9363636363636364,0.7357142857142857,110.0,170.0,103.0,7.0,67.0,0.6250840157698934,0.6341071163072801,17.016312765446425,3.441668095233155,0.9649038461538463,0.2763546462388982,0.0,2.4596563920809953e-14,0.0
浙江,No topology optimization,annulus,65,0.6190476190476191,0.8272727272727273,0.708171206225681,110.0,147.0,91.0,19.0,56.0,0.6652878054574888,0.742783547722138,20.246426232102284,1.901053586614488,0.9441870629370629,0.3061904570114817,5.510377966343905e-16,3.147907761464712e-08,0.0
浙江,No angular constraint,disk,65,0.5823529411764706,0.9,0.7071428571428572,110.0,170.0,99.0,11.0,71.0,0.6009160818277274,0.6096005096501939,18.549300692832308,4.306793341481689,0.9613199300699301,0.28078216770168307,8.481573765796535e-16,2.4172485232520125e-14,0.0
浙江,No angular constraint,annulus,65,0.6122448979591837,0.8181818181818182,0.7003891050583659,110.0,147.0,90.0,20.0,57.0,0.6587903712677469,0.7455932658059551,21.448882279544097,2.994241570085584,0.9431381118881119,0.3062711959039061,0.0,4.000788891188088e-08,0.0
浙江,No radial constraint,disk,65,0.30409356725146197,0.4727272727272727,0.3701067615658363,110.0,171.0,52.0,58.0,119.0,0.3768201979487689,0.5011811770660626,59.61488534327161,3.9674711394443265,0.0763986013986014,0.19381658682928815,5.654382510531023e-16,2.2476170479360818e-14,0.0
浙江,No radial constraint,annulus,65,0.3443708609271523,0.4727272727272727,0.39846743295019155,110.0,151.0,52.0,58.0,99.0,0.4719402756292388,0.5862104672065324,51.44772526836157,3.2906326244548034,0.046416083916083914,0.2894834232352565,9.183963277239842e-16,2.8202400236685293e-08,0.0
浙江,No area balancing,disk,65,0.6,0.9272727272727272,0.7285714285714284,110.0,170.0,102.0,8.0,68.0,0.6186545865613414,0.6191223910147543,17.60056404218466,2.7446998385844585,0.9753933566433567,0.48013868854621145,0.0,2.2193451353834268e-14,0.0
浙江,No area balancing,annulus,65,0.6148648648648649,0.8272727272727273,0.7054263565891473,110.0,148.0,91.0,19.0,57.0,0.6655093620359159,0.7471835472457519,21.989224541946594,2.0874013686883104,0.9642482517482518,0.4949560155497827,0.0,2.623043507085466e-08,0.0
浙江,No warp,disk,65,0.6,0.9272727272727272,0.7285714285714284,110.0,170.0,102.0,8.0,68.0,0.6241102448724605,0.63200553410678,17.70147009490295,3.6964471598083524,0.9628496503496503,0.27836615262455416,0.0,1.2722360648694803e-15,0.0
浙江,No warp,annulus,65,0.6190476190476191,0.8272727272727273,0.708171206225681,110.0,147.0,91.0,19.0,56.0,0.6652194813733275,0.7458019093129857,20.87416710075646,2.3841225648029325,0.9421765734265733,0.2968166517210209,5.510377966343905e-16,1.2857548588135778e-15,0.0
OVERALL_mean,Full,disk,107,0.5361792810837702,0.8371466981346759,0.6536047255284027,184.875,289.125,152.875,32.0,136.25,0.54296776042189,0.557643646131009,25.64027436694704,2.820585631050102,0.9761598600803665,0.6687147728614888,3.5339890690818894e-16,3.1063763917229804e-14,0.0
OVERALL_median,Full,disk,107,0.5374362749864563,0.8242686170212765,0.6510651435628281,184.5,290.5,151.0,33.5,139.5,0.5443043398840038,0.5630973502533222,26.649485188891596,2.57770150771284,0.9795005715074205,0.5293070837731937,2.8271912552655114e-16,3.2300660091408475e-14,0.0
OVERALL_std,Full,disk,107,0.04634693848002811,0.06020931915988905,0.052469706122738026,51.67601681907879,80.75967434307793,37.997885279503194,16.664761795905928,45.260357930533424,0.05621121105675742,0.05337067182818526,4.099996914060936,0.8659818584893124,0.008210940134936033,0.5247911694208651,3.205733558678174e-16,9.28241481094311e-15,0.0
OVERALL_mean,Full,annulus,107,0.5397363799653594,0.7600320502554934,0.6310758515925226,184.875,261.5,139.25,45.625,122.25,0.5537775865531007,0.6114567949461458,25.38312430404728,2.112654982207217,0.9685441649831227,0.7211912038750432,7.117571539860878e-16,4.6613413033441434e-08,0.0
OVERALL_median,Full,annulus,107,0.5371018034721051,0.7584441489361702,0.6277521628762368,184.5,264.5,138.5,46.0,126.0,0.5448224445485808,0.6034966474786656,25.43335198048676,2.0815657873516513,0.9728617379946933,0.5238128768690078,6.42877429406789e-16,4.173989989350616e-08,0.0
OVERALL_std,Full,annulus,107,0.04193996767220037,0.03893620632810424,0.04161737795645254,51.67601681907879,74.69366008666906,35.435051250744046,17.394067133036238,40.675545478825484,0.061686558083793336,0.07492771903872868,2.3709164852230318,0.28312034323975094,0.012666853399439452,0.6294055975204336,7.243945899215624e-16,1.2272124016759808e-08,0.0
OVERALL_mean,No topology optimization,disk,107,0.533280564105718,0.8322277260916318,0.6499484932114045,184.875,289.0,151.625,33.25,137.375,0.5455242925157259,0.5598750038897679,24.80649786625589,2.622746024672413,0.9761197904456502,0.658489785124619,3.887387975990078e-16,3.426202402474892e-14,0.0
OVERALL_median,No topology optimization,disk,107,0.5275581950986415,0.8247675619834711,0.6429799078284941,184.5,290.0,145.5,37.0,144.5,0.5464579564402614,0.5682345437662585,25.88979562682334,2.3219049985723283,0.9794297082586947,0.49979033283429775,3.5339890690818894e-16,3.2512699435553385e-14,0.0
OVERALL_std,No topology optimization,disk,107,0.052523822054099605,0.07135120300344974,0.06046045059493144,51.67601681907879,80.76597586324861,37.136572270472136,18.522187467235845,46.79419225258011,0.05577199837416722,0.05275123134972145,3.8716543431490305,0.7045027340738963,0.007604943533969602,0.5278048272669645,4.703563639576751e-16,1.3401801968844408e-14,0.0
OVERALL_mean,No topology optimization,annulus,107,0.526720715855113,0.7416960854766058,0.6158548467601841,184.875,261.625,135.625,49.25,126.0,0.5541363519444464,0.6113959105581548,24.51664109815232,1.7540497331015137,0.9672743193211853,0.7104396268754665,5.510377966343905e-16,4.6477455179399027e-08,0.0
OVERALL_median,No topology optimization,annulus,107,0.523235294117647,0.7357712765957447,0.6119079635440012,184.5,264.5,132.5,52.0,132.0,0.543463488771266,0.605236761928335,24.744987054898196,1.8209487033899086,0.9717723423003677,0.4896221880901969,4.591981638619921e-16,4.464341971044625e-08,0.0
OVERALL_std,No topology optimization,annulus,107,0.047894543122925196,0.046647871904725496,0.048508392612821555,51.67601681907879,74.86165812445552,34.01234019755603,18.9717835595015,42.51722340080883,0.0609792011337184,0.07404528870746595,2.082300767043617,0.22920633776402874,0.012099462712053196,0.6342833419803369,7.8544557796903015e-16,1.2225104032685119e-08,0.0
OVERALL_mean,No angular constraint,disk,107,0.5330956149475822,0.8323430792438213,0.649848987437742,184.875,289.125,152.25,32.625,136.875,0.5385871174577143,0.5533540297598893,25.820900310957917,2.9788343256578784,0.9760652233873808,0.6685694626570414,4.2407868828982674e-16,3.0993084135848174e-14,0.0
OVERALL_median,No angular constraint,disk,107,0.5377350531506028,0.82339106734658,0.6505814551816405,184.5,290.5,150.0,34.5,140.5,0.5447899956906721,0.5624053569249007,26.865694490502197,2.6296437370466315,0.9798105170620902,0.5293070837731937,4.2407868828982674e-16,3.2159300528645195e-14,0.0
OVERALL_std,No angular constraint,disk,107,0.04412726504673832,0.05638776322224398,0.04965335218353357,51.67601681907879,80.75967434307793,38.71784380064867,16.238732357281727,44.69080282499809,0.05254700382562258,0.048445520250505365,3.8882042191086414,0.9547578579175862,0.008819256983276352,0.5247377343299717,3.5440717973287566e-16,9.29286504201604e-15,0.0
OVERALL_mean,No angular constraint,annulus,107,0.5372966535970995,0.7566164654775279,0.6282305514039676,184.875,261.5,138.625,46.25,122.875,0.5517409896562118,0.6107645913270756,25.440315429478616,2.255034948921372,0.9685767562758627,0.7211899395262222,8.265566949515858e-16,4.72877080665026e-08,0.0
OVERALL_median,No angular constraint,annulus,107,0.5341606270015169,0.756224173553719,0.6243157367593983,184.5,264.5,138.0,46.5,126.5,0.5435302573981644,0.6037717929298914,25.477391641975718,2.1948696333640396,0.9731380153008944,0.5238128768690078,9.183963277239842e-16,4.4649205515471265e-08,0.0
OVERALL_std,No angular constraint,annulus,107,0.041201738522273317,0.03823771567270741,0.040863769809801394,51.67601681907879,74.69366008666906,35.22149303235982,17.580427428576034,40.87415355174256,0.06085862783876836,0.07536463663383142,2.2692428640545708,0.4042980102861831,0.013194177064869795,0.6293966667115211,6.872648807229013e-16,1.119599194341546e-08,0.0
OVERALL_mean,No radial constraint,disk,107,0.2591272022109592,0.4112127855380566,0.317885123956103,184.875,293.75,75.75,109.125,218.0,0.32041964006628487,0.4184751204401079,63.8074715885207,4.045105662296803,0.06558053852491,0.5189874008163605,7.067978138163779e-17,3.1222793425338497e-14,0.0
OVERALL_median,No radial constraint,disk,107,0.25654148068339233,0.40212765957446805,0.31323866896156055,184.5,294.5,79.0,107.0,215.5,0.31648215736250696,0.41348279584881376,63.87108188350007,4.066829683006608,0.06658198033415051,0.3578196422774702,0.0,3.237133987279011e-14,0.0
OVERALL_std,No radial constraint,disk,107,0.027013321541471364,0.040201397640414464,0.03217388770760292,51.67601681907879,82.04484836269212,21.572138115104465,31.84084304339767,62.0,0.034799662713692475,0.048781056722735035,3.0544629708749813,1.131369349699766,0.09527955567541435,0.4284152379552057,1.9991261083095507e-16,8.09811328669506e-15,0.0
OVERALL_mean,No radial constraint,annulus,107,0.30855037110603456,0.4397708517789063,0.362597291924702,184.875,264.625,80.875,104.0,183.75,0.37210547040129804,0.49075089018871665,55.76845144695693,3.1340328732997387,0.04071141169825833,0.6372196190714304,5.510377966343905e-16,4.650099684574592e-08,0.0
OVERALL_median,No radial constraint,annulus,107,0.3146464646464646,0.45540425531914897,0.372093479583227,184.5,267.0,84.0,101.5,183.0,0.37032723339713514,0.49425344752134825,55.45477215856897,3.2467365472295757,0.04134654140732977,0.4527341377368127,1.8367926554479685e-16,4.913485228839906e-08,0.0
OVERALL_std,No radial constraint,annulus,107,0.031140504020690008,0.0377341189101706,0.03406093124095252,51.67601681907879,75.80791044287058,22.693217992544444,30.91000762582519,55.02921302103353,0.06150658177302848,0.061833210445370546,3.317399262841742,0.8331466051958629,0.1041351623513607,0.501785862635939,6.942423680436105e-16,1.3051923150049652e-08,0.0
OVERALL_mean,No area balancing,disk,107,0.5405742093283022,0.8446157350951902,0.6591443278752849,184.875,289.375,154.375,30.5,135.0,0.5490761334930165,0.5611039843715713,25.523800487632847,2.2717760891595096,0.9783800857306232,0.7388088960296653,1.4135956276327557e-16,3.383794533645909e-14,0.0
OVERALL_median,No area balancing,disk,107,0.5447479981158738,0.8382807137954702,0.6603442079623049,184.5,290.5,151.0,33.5,139.5,0.5533875565203689,0.56706645900055,26.649485188891596,2.08909541442692,0.9798600397656951,0.5568112215275165,0.0,3.5905328941872e-14,0.0
OVERALL_std,No area balancing,disk,107,0.047767405483144315,0.06137201675772275,0.05390455535692,51.67601681907879,80.85248913917246,39.11133376109064,16.21286966755555,44.673418110933554,0.05232810913759388,0.04914766304997398,4.246593496216409,0.6972480158704509,0.004447768859417028,0.48712320833730943,2.5060372009031594e-16,7.786676845719738e-15,0.0
OVERALL_mean,No area balancing,annulus,107,0.5378772300452952,0.7565222898952932,0.6286086848711683,184.875,261.0,138.25,46.625,122.75,0.5504503058798057,0.6075806289804128,25.52226474889151,1.7326283539698673,0.9730393191388906,0.8261210129152758,6.658373375998886e-16,4.428307986257192e-08,0.0
OVERALL_median,No area balancing,annulus,107,0.5334181150204889,0.756224173553719,0.6255250917668261,184.5,264.0,138.5,46.0,125.5,0.5402087442095895,0.599375801566626,25.37882092261797,1.7004809131331455,0.9737906846194787,0.6051642157361319,7.347170621791874e-16,4.3274011803725596e-08,0.0
OVERALL_std,No area balancing,annulus,107,0.042354783847997055,0.0421884136161986,0.04299966436451414,51.67601681907879,74.14657298698495,33.57188449538436,18.882626179336693,41.71245103597452,0.06295291178182479,0.07722107281645098,2.1440705830881095,0.3306944619919591,0.006932601525304748,0.5822967699054704,5.634708170839945e-16,1.2393229605141759e-08,0.0
OVERALL_mean,No warp,disk,107,0.5361792810837702,0.8371466981346759,0.6536047255284027,184.875,289.125,152.875,32.0,136.25,0.54296776042189,0.557643646131009,25.636418157012606,2.799904164819848,0.9772022546442798,0.6701573410835968,0.0013372203427550059,0.0013372203427559073,0.0
OVERALL_median,No warp,disk,107,0.5374362749864563,0.8242686170212765,0.6510651435628281,184.5,290.5,151.0,33.5,139.5,0.5443043398840038,0.5630973502533222,26.776803269120357,2.5545344755264026,0.9805084597357205,0.5298217731211361,0.0,1.2722360648694803e-15,0.0
OVERALL_std,No warp,disk,107,0.04634693848002811,0.06020931915988905,0.052469706122738026,51.67601681907879,80.75967434307793,37.997885279503194,16.664761795905928,45.260357930533424,0.05621121105675742,0.05337067182818526,4.099624571906997,0.8504920105702672,0.008630807703471317,0.5228597213208463,0.003782230289210028,0.0037822302892100645,0.0
OVERALL_mean,No warp,annulus,107,0.5397363799653594,0.7600320502554934,0.6310758515925226,184.875,261.5,139.25,45.625,122.25,0.5537775865531007,0.6114567949461458,25.357154166211618,2.0899560762631193,0.969377779144964,0.7149614668513031,0.0039555681330451205,0.0039555681330450294,0.0
OVERALL_median,No warp,annulus,107,0.5371018034721051,0.7584441489361702,0.6277521628762368,184.5,264.5,138.5,46.0,126.0,0.5448224445485808,0.6034966474786656,25.381848973619935,2.076932963778117,0.9740351713583807,0.5173005816062719,3.673585310895937e-16,3.673585310895937e-16,0.0
OVERALL_std,No warp,annulus,107,0.04193996767220037,0.03893620632810424,0.04161737795645254,51.67601681907879,74.69366008666906,35.435051250744046,17.394067133036238,40.675545478825484,0.061686558083793336,0.07492771903872868,2.403281592593745,0.27016954416786915,0.013882694676670427,0.6295700887542001,0.011188036201284538,0.011188036201285095,0.0
