cell_id,region_id,block_row,block_col,longitude,latitude,theta,rho,original_area_km2,annual_mean_pm25,fine_point_count,month_01_pm25,month_02_pm25,month_03_pm25,month_04_pm25,month_05_pm25,month_06_pm25,month_07_pm25,month_08_pm25,month_09_pm25,month_10_pm25,month_11_pm25,month_12_pm25,polygon_wkt
CEG2000_f4_r0005_c0091,广东,5,91,110.19999999999999,20.55,-2.5477806525857716,0.9129153468012299,1853.038258159673,23.16939107974245,12,30.74133114659621,32.66532701543364,29.350093315516254,21.899391765976254,14.919979457422473,18.27667259443873,13.526446811585044,16.294072572269997,20.12757557717454,19.668308693598863,28.965381338465185,32.100800695157,"POLYGON ((110 20.3, 110.40000599999999 20.3, 110.40000599999999 20.7, 110 20.7, 110 20.3))"
CEG2000_f4_r0006_c0090,广东,6,90,109.90714542857144,20.921428571428574,-2.659504581228711,0.939210940753984,1848.156325907223,26.30572745600788,7,34.40350256464653,36.441233873699595,32.50965291540996,25.066413159580794,16.764826035148094,19.78648224653148,15.147006845080115,18.60940355608219,22.813582977091126,23.250340561903812,33.47837327663299,37.92026483677784,"POLYGON ((109.59999400000001 20.7, 110 20.7, 110 21.1, 109.59999400000001 21.1, 109.59999400000001 20.7))"
CEG2000_f4_r0006_c0091,广东,6,91,110.16999999999999,20.900000000000002,-2.6259434450659813,0.8893090770558567,1848.156325907223,25.459462887501914,10,33.79743420860279,35.35869510203426,31.20155649517924,23.950333878066115,16.092495177718927,19.008383522842664,14.772624796149877,18.282728094734004,22.04366195285037,22.087742343250792,32.73275740919849,36.691456173976576,"POLYGON ((110 20.7, 110.40000599999999 20.7, 110.40000599999999 21.1, 110 21.1, 110 20.7))"
CEG2000_f4_r0007_c0090,广东,7,90,109.95,21.3,-2.740529447038102,0.9407452624517751,1843.1843171228525,27.842730048925983,4,36.21483747013464,37.436034149983605,33.95986434813138,26.609837106583992,18.016052670715194,20.53632662662604,15.894584428371829,19.93373431200197,24.583431866471965,24.170366180311788,36.05458723452489,41.20632583327446,"POLYGON ((109.59999400000001 21.099999999999998, 110 21.099999999999998, 110 21.5, 109.59999400000001 21.5, 109.59999400000001 21.099999999999998))"
CEG2000_f4_r0007_c0091,广东,7,91,110.2,21.3,-2.716261289093576,0.8706964319511057,1843.1843171228525,27.58919157221277,16,36.171729545402265,37.30083868667768,33.13848594451233,25.723704063361815,17.85232218476655,19.958410833285416,15.896742358510213,19.939646328446344,24.169561141644476,23.899719232359523,35.765536920601,41.727270688242776,"POLYGON ((110 21.099999999999998, 110.40000599999999 21.099999999999998, 110.40000599999999 21.5, 110 21.5, 110 21.099999999999998))"
CEG2000_f4_r0007_c0092,广东,7,92,110.56666566666667,21.416666666666668,-2.7063630170796324,0.7798467312066416,1843.1566697728101,27.25837692718208,6,35.97551531556743,36.796437757551296,32.56354319332158,24.406396997512243,17.629855003376658,18.491132474354057,15.64719859599039,18.541291061969304,24.39419019659439,23.553174801227318,36.31402282996804,43.22803446166969,"POLYGON ((110.4 21.099999999999998, 110.8 21.099999999999998, 110.8 21.5, 110.4 21.5, 110.4 21.099999999999998))"
CEG2000_f4_r0008_c0090,广东,8,90,109.91000240000001,21.630000000000003,-2.823568807162964,0.9670765000920732,1838.1224741351766,29.23453800014085,5,37.492677611474456,38.741333995138376,36.082893261938345,28.21737603200119,19.012181330093775,21.059690819075158,17.121467400481496,20.549648504507683,25.541834628651348,25.752545737812056,37.261068949995526,44.43836387307424,"POLYGON ((109.59999400000001 21.5, 110 21.5, 110 21.900000000000002, 109.59999400000001 21.900000000000002, 109.59999400000001 21.5))"
CEG2000_f4_r0008_c0091,广东,8,91,110.2,21.7,-2.818770255513049,0.8961436195721248,1838.1224741351766,29.099853601766355,16,37.35761465824764,38.27677699149943,35.61207107773486,27.716591919391156,19.250532640871064,20.439497070134085,17.385824440455693,20.199202110176397,25.241716104311646,25.608039776384295,37.479126555453036,45.045164844978565,"POLYGON ((110 21.5, 110.40000599999999 21.5, 110.40000599999999 21.900000000000002, 110 21.900000000000002, 110 21.5))"
CEG2000_f4_r0008_c0092,广东,8,92,110.5999985,21.7,-2.7823631145855607,0.7983047208755184,1838.0949027116403,29.084622879906167,16,37.8020849052649,38.513210882248806,35.008234717931046,26.310940895841757,19.322876323025042,19.239428844431732,17.171577280356452,19.55855589181427,25.68970864914358,25.9963970233989,38.43276849133508,46.36296585943122,"POLYGON ((110.4 21.5, 110.8 21.5, 110.8 21.900000000000002, 110.4 21.900000000000002, 110.4 21.5))"
CEG2000_f4_r0008_c0093,广东,8,93,111.0,21.7,-2.7372040994843188,0.6873000730730621,1838.039759864633,28.620482152065065,16,38.11660634421454,38.81953032966117,35.01640597904868,26.359464846393514,19.386560112811758,18.697240477834672,16.985928066396852,18.436549754700998,25.548967636022915,25.752598968287824,37.01351001208071,43.749047514077574,"POLYGON ((110.800006 21.5, 111.199994 21.5, 111.199994 21.900000000000002, 110.800006 21.900000000000002, 110.800006 21.5))"
CEG2000_f4_r0008_c0094,广东,8,94,111.4000015,21.7,-2.6799789575550084,0.5798980321006064,1838.0949027116403,26.42631348017363,16,36.39861383506335,37.21446489534053,33.14740421239022,25.349627840585867,18.719269284744897,17.757397123915947,15.732809804852044,16.592793113778356,24.447997944974794,23.375445668064593,31.995785821847605,36.881631495266035,"POLYGON ((111.2 21.5, 111.6 21.5, 111.6 21.900000000000002, 111.2 21.900000000000002, 111.2 21.5))"
CEG2000_f4_r0008_c0095,广东,8,95,111.72142685714286,21.764285714285712,-2.6468161286522807,0.5112477779069972,1838.1224741351766,26.686597546313255,7,37.456978639236915,37.03118246512621,33.62337902724273,25.333246251977588,18.954395476018433,17.535087544773017,15.457664711803828,16.837362709116785,25.09850284511726,23.569056857931,32.07686419942167,37.71662661811177,"POLYGON ((111.59999400000001 21.5, 112 21.5, 112 21.900000000000002, 111.59999400000001 21.900000000000002, 111.59999400000001 21.5))"
CEG2000_f4_r0009_c0092,广东,9,92,110.6299988,22.04,-2.882612947809583,0.9080889369386933,1832.9435494980905,29.731986489194203,10,38.43173373739867,38.90112712649652,37.301995371066,29.167772248948722,20.736185122160443,20.417589209024797,18.3685806874581,19.901716093022607,26.413769661021192,27.145973199049838,36.43075134627655,43.94858657753925,"POLYGON ((110.4 21.9, 110.8 21.9, 110.8 22.3, 110.4 22.3, 110.4 21.9))"
CEG2000_f4_r0009_c0093,广东,9,93,111.0,22.099999999999998,-2.871900854383605,0.7310816691949159,1832.8885611916794,28.790953278501974,16,38.71016422757889,37.82706878002435,37.10282316128493,28.856567689153433,21.04337592198148,19.525772627502036,17.63122177227188,18.912282766141384,25.578522196316545,26.087042399621165,34.288991131392706,40.28755091176783,"POLYGON ((110.800006 21.9, 111.199994 21.9, 111.199994 22.3, 110.800006 22.3, 110.800006 21.9))"
CEG2000_f4_r0009_c0094,广东,9,94,111.4000015,22.099999999999998,-2.830705714781467,0.6026254558933183,1832.9435494980905,27.2960720840429,16,37.59281437835462,36.76067737993446,35.59453984476392,27.395430409384247,20.597083529815173,18.736081925474704,16.604570722869784,17.972878148719314,24.988524016842515,24.866508286694035,30.795576417383252,36.02432623939804,"POLYGON ((111.2 21.9, 111.6 21.9, 111.6 22.3, 111.2 22.3, 111.2 21.9))"
CEG2000_f4_r0009_c0095,广东,9,95,111.8,22.099999999999998,-2.775319390643438,0.5039037141950189,1832.9710436513287,28.17668106159649,16,39.97860365998551,38.022046832813274,36.47554334914695,27.15537553580362,20.761520003495455,18.0881288705011,16.179886156337112,18.324751738242135,26.01290278231145,25.26470008911327,32.704750262634406,39.50503328933158,"POLYGON ((111.59999400000001 21.9, 112 21.9, 112 22.3, 111.59999400000001 22.3, 111.59999400000001 21.9))"
CEG2000_f4_r0009_c0096,广东,9,96,112.2,22.099999999999998,-2.6974888037681777,0.3918255853939461,1832.9710436513287,27.883325348040312,16,40.03857481941897,37.690234308059765,36.62544360681608,27.633578585019915,20.873012004078724,17.39177716648573,15.840028478776318,17.485685311239553,25.480069366112595,24.752629377629216,32.177153073091496,38.95891468358078,"POLYGON ((112 21.9, 112.40000599999999 21.9, 112.40000599999999 22.3, 112 22.3, 112 21.9))"
CEG2000_f4_r0009_c0097,广东,9,97,112.58571300000001,22.121428571428574,-2.6002831712611343,0.31111630808750657,1832.9435494980905,28.466063311485385,14,40.74811009305774,36.83304121600976,37.56197429609028,27.675681593710287,21.84260138297996,16.666453496427632,15.52002123552583,16.906264769083013,26.51082992364116,25.31408666069388,34.607448337153734,41.674960150033314,"POLYGON ((112.4 21.9, 112.8 21.9, 112.8 22.3, 112.4 22.3, 112.4 21.9))"
CEG2000_f4_r0009_c0098,广东,9,98,112.983334,22.183333333333334,-2.469021111959689,0.23912775352130025,1832.8885611916794,28.453970304142896,9,40.63586586832113,34.79439390925343,38.19904432280699,28.591281028158825,22.620516640308548,16.777892339516523,16.20090059290122,17.08733100252389,27.095314607281534,25.829970380136423,33.210871954556744,40.550723130503144,"POLYGON ((112.800006 21.9, 113.199994 21.9, 113.199994 22.3, 112.800006 22.3, 112.800006 21.9))"
CEG2000_f4_r0009_c0099,广东,9,99,113.300003,22.2,-2.260741625424331,0.47842018970539596,1832.9435494980905,28.966252202822456,4,41.556568416718406,33.940940555496425,38.74388046817158,29.604769524573637,22.611993823134615,16.40109289480654,16.296476149455415,16.628310656971436,27.824253670370542,26.88956606766179,34.03269298822233,43.12729337867479,"POLYGON ((113.2 21.9, 113.6 21.9, 113.6 22.3, 113.2 22.3, 113.2 21.9))"
CEG2000_f4_r0010_c0093,广东,10,93,111.0142852857143,22.478571428571428,-3.0087179180379664,0.9128361485567603,1827.6480301160748,28.514621044132642,14,38.32238636623091,37.08831157952599,37.76203756428981,29.33999598254771,22.242286788421122,20.11020734050992,17.77617984802135,19.928071053219583,25.662036953922634,26.25983393290125,31.375681209281638,36.61735353589775,"POLYGON ((110.800006 22.3, 111.199994 22.3, 111.199994 22.7, 110.800006 22.7, 110.800006 22.3))"
CEG2000_f4_r0010_c0094,广东,10,94,111.4000015,22.5,-2.9974480770520437,0.7892700736292415,1827.7028612018373,28.527147811547525,16,38.79341119896494,36.117466609505705,37.40322451341577,28.65809344382104,22.02711099781239,19.68056350724807,17.73896449072074,21.263281792189478,26.31664104894821,27.13738634972092,30.80473524368669,36.595606787485714,"POLYGON ((111.2 22.3, 111.6 22.3, 111.6 22.7, 111.2 22.7, 111.2 22.3))"
CEG2000_f4_r0010_c0095,广东,10,95,111.8,22.5,-2.970011675453165,0.661128598650221,1827.730276744751,28.907284603721852,16,40.37417993511704,37.98931336459418,37.69407296272798,28.215214262279446,22.269828825356413,19.092892046232205,17.33390830503657,20.53425828431664,26.55979451087153,26.87525993385031,31.760027983216272,38.451982505562235,"POLYGON ((111.59999400000001 22.3, 112 22.3, 112 22.7, 111.59999400000001 22.7, 111.59999400000001 22.3))"
CEG2000_f4_r0010_c0096,广东,10,96,112.2,22.5,-2.9298677335387424,0.46720592942528194,1827.730276744751,29.1410064407645,16,40.688671861891855,39.027748296564084,38.11339171519547,29.5442444207128,23.456692450079903,19.042826571578974,17.75188823343144,20.092026919827983,26.612785540663694,26.610638874206902,31.608829052737367,37.46549927274268,"POLYGON ((112 22.3, 112.40000599999999 22.3, 112.40000599999999 22.7, 112 22.7, 112 22.3))"
CEG2000_f4_r0010_c0097,广东,10,97,112.5999985,22.5,-2.8658216653837827,0.3215024048894104,1827.7028612018373,30.86941850709971,16,42.67263613973741,38.56593690420753,40.02300921196813,30.5523444476875,25.03956751211264,18.61348367151613,18.110714584951626,19.950933270956565,29.48558658192239,27.817002826580925,35.89176641181022,43.91838064686656,"POLYGON ((112.4 22.3, 112.8 22.3, 112.8 22.7, 112.4 22.7, 112.4 22.3))"
CEG2000_f4_r0010_c0098,广东,10,98,113.0,22.5,-2.7490492634488235,0.20842922651590398,1827.6480301160748,32.03621834159553,16,43.15516377020824,37.59006988059606,41.43344406310085,31.211651848348563,26.85723410335645,19.172465883070224,19.060042790741264,20.718125561386973,30.705953148909,29.56106403382733,37.82494628157493,47.20503443962395,"POLYGON ((112.800006 22.3, 113.199994 22.3, 113.199994 22.7, 112.800006 22.7, 112.800006 22.3))"
CEG2000_f4_r0010_c0099,广东,10,99,113.38571599999999,22.478571428571428,-2.4688362043518803,0.1298855070778404,1827.7028612018373,31.109112625196037,14,42.60990439589713,35.7787425947894,40.369657883281036,30.9352306752217,25.671538371446754,18.17154921080367,18.535260895176556,19.383312433367472,29.7290526427641,29.256326345408834,36.26836676182841,46.6006353804004,"POLYGON ((113.2 22.3, 113.6 22.3, 113.6 22.7, 113.2 22.7, 113.2 22.3))"
CEG2000_f4_r0010_c0101,广东,10,101,114.17857057142858,22.60714285714286,-0.6540696283053419,0.7568200754401792,1827.730276744751,30.147644039243886,7,42.14514226845702,37.04975263482533,39.09275050807415,32.3490132096451,25.30479535031213,17.96164511926662,17.85265259744805,18.380844687395406,27.76251613488286,27.938594312516194,34.220432174467696,41.8912426243603,"POLYGON ((114 22.3, 114.40000599999999 22.3, 114.40000599999999 22.7, 114 22.7, 114 22.3))"
CEG2000_f4_r0011_c0094,广东,11,94,111.4500010909091,22.86818181818182,3.124251534292125,0.9487608251159629,1822.3730932466121,31.585230961943914,11,40.501487856220294,38.73678448666811,40.41477151729642,31.639144349481548,25.03980658514596,21.81060780415931,20.416963763846365,25.74366593767501,29.654764532778234,30.442893778773424,33.68869640923477,41.086584402606434,"POLYGON ((111.2 22.7, 111.6 22.7, 111.6 23.1, 111.2 23.1, 111.2 22.7))"
CEG2000_f4_r0011_c0095,广东,11,95,111.8,22.900000000000002,3.1045972473747825,0.8228063608400727,1822.4004288430065,31.801683371221973,16,42.14716809093309,38.64836416889099,39.95612014991306,31.5536751207279,25.782751389222,21.655479294829,20.944342207090934,25.37309211767275,29.728003906084812,30.243454344235964,34.232780643393454,41.47292279829826,"POLYGON ((111.59999400000001 22.7, 112 22.7, 112 23.1, 111.59999400000001 23.1, 111.59999400000001 22.7))"
CEG2000_f4_r0011_c0096,广东,11,96,112.2,22.900000000000002,3.095713990120031,0.6675650728316082,1822.4004288430065,32.656166776477974,16,43.27068837107253,40.37723304875803,41.16290946433606,31.99006601057414,27.54922538017668,21.92629146149773,21.673272670824986,24.62420323666568,30.087996595711438,30.277451755707048,35.17655965451119,43.887083640833765,"POLYGON ((112 22.7, 112.40000599999999 22.7, 112.40000599999999 23.1, 112 23.1, 112 22.7))"
CEG2000_f4_r0011_c0097,广东,11,97,112.5999985,22.900000000000002,3.0812235195248285,0.5123243669779792,1822.3730932466121,33.99001236780667,16,44.79128916466808,40.327739127199735,42.67490851336023,33.10842792594099,29.886602360183623,21.926274117156595,23.089630882736813,24.619592878930387,32.07574547402507,31.08303817855904,37.72301651127029,46.62384676597012,"POLYGON ((112.4 22.7, 112.8 22.7, 112.8 23.1, 112.4 23.1, 112.4 22.7))"
CEG2000_f4_r0011_c0098,广东,11,98,113.0,22.900000000000002,3.0533882692912933,0.3570824968146877,1822.318422053888,35.91198784082316,16,46.30094915351823,40.26442891675942,44.321448045188525,34.232297575623384,32.57096041814355,23.29716993408235,24.46159389652505,25.498965353862907,35.22117463587545,33.79067370734245,39.92159420888308,50.98934557126842,"POLYGON ((112.800006 22.7, 113.199994 22.7, 113.199994 23.1, 112.800006 23.1, 112.800006 22.7))"
CEG2000_f4_r0011_c0099,广东,11,99,113.3400024,22.93,2.9365231332328308,0.21171807339380438,1822.3730932466121,36.511750553526575,10,47.86307068307705,40.77395670083448,45.025298777191566,35.01232528010355,33.43744053431283,23.752919621280014,25.500280526905232,25.74681542620549,35.67423025406002,34.50730441181943,39.77380185357269,50.96681054358639,"POLYGON ((113.2 22.7, 113.6 22.7, 113.6 23.1, 113.2 23.1, 113.2 22.7))"
CEG2000_f4_r0011_c0100,广东,11,100,113.83181872727272,22.950000000000003,1.8104439328596535,0.044959991725576263,1822.4004288430065,34.75971373092061,11,45.49132110725112,39.40982668165309,43.72585304227912,34.28915470443495,30.948476753735562,22.41028558034443,24.049355997141564,23.562867031851933,33.50044277474397,33.18802559742512,38.53235687795339,47.97613445820921,"POLYGON ((113.59999400000001 22.7, 114 22.7, 114 23.1, 113.59999400000001 23.1, 113.59999400000001 22.7))"
CEG2000_f4_r0011_c0101,广东,11,101,114.2,22.900000000000002,0.22336498115306433,0.10151252830542108,1822.4004288430065,31.624630490138426,16,42.775343473193026,38.40141075736163,40.16602924038694,31.90985385668844,27.208318259618906,19.92957573500182,21.023201387574208,20.906571855132928,29.592102711495905,30.094715005758065,35.158748652783885,42.447285899241585,"POLYGON ((114 22.7, 114.40000599999999 22.7, 114.40000599999999 23.1, 114 23.1, 114 22.7))"
CEG2000_f4_r0011_c0102,广东,11,102,114.56666566666667,22.933333333333337,0.15876871341061746,0.2055108257973807,1822.3730932466121,30.21729455945957,12,41.10283319185743,37.97499844576758,39.5301034031459,30.855201747710606,25.916565098336545,18.7169423772864,19.672736191573073,19.756886695826278,27.875625748112363,28.895369392418026,33.600461222716184,38.89350347717102,"POLYGON ((114.4 22.7, 114.8 22.7, 114.8 23.1, 114.4 23.1, 114.4 22.7))"
CEG2000_f4_r0011_c0103,广东,11,103,114.975001,22.941666666666674,0.10898415075248351,0.4019172846062816,1822.318422053888,28.989137275844143,12,39.50551778086779,38.31453456143678,38.796218830618734,31.057247164480522,25.07095931003765,17.836767781304665,18.434538307463537,18.42072843849066,26.65847015364016,27.5135962700925,31.283606623714952,35.28489231994782,"POLYGON ((114.800006 22.7, 115.199994 22.7, 115.199994 23.1, 114.800006 23.1, 114.800006 22.7))"
CEG2000_f4_r0011_c0104,广东,11,104,115.4200012,22.970000000000002,0.09757323704647686,0.5649278666530225,1822.3730932466121,29.283762886589766,10,39.386166207193895,38.24425738122973,39.23334000775869,31.629864679424983,25.694252146360295,17.413342179664543,18.552629109999668,18.21517720212087,27.52326584438629,28.002400845069566,31.822326374248533,35.984091904221664,"POLYGON ((115.2 22.7, 115.6 22.7, 115.6 23.1, 115.2 23.1, 115.2 22.7))"
CEG2000_f4_r0011_c0105,广东,11,105,115.83333433333333,23.016666666666666,0.10268733153359218,0.7137986485877649,1822.4004288430065,28.781500522933204,6,38.23825216874904,36.96356294153712,38.3529050790987,31.987517833547717,26.224802174679507,17.55053642041049,18.499266511288848,18.136297788560377,27.53695698566732,27.748089256115936,30.02053017177484,34.388116819796785,"POLYGON ((115.59999400000001 22.7, 116 22.7, 116 23.1, 115.59999400000001 23.1, 115.59999400000001 22.7))"
CEG2000_f4_r0011_c0106,广东,11,106,116.17,23.029999999999998,0.09400158906329123,0.8381357621504186,1822.4004288430065,28.244096581255363,5,37.16030684468794,34.66660110459563,37.60388097050225,32.19688952831954,26.662512229520743,17.80171356060123,18.804000826470787,18.51814446862398,27.222626073970137,27.418809742186752,28.88484679461497,32.18155904642733,"POLYGON ((116 22.7, 116.40000599999999 22.7, 116.40000599999999 23.1, 116 23.1, 116 22.7))"
CEG2000_f4_r0012_c0094,广东,12,94,111.5,23.3000005,2.928935660282266,0.9540795384689184,1816.9454070050037,34.87632513660677,8,43.67693504839076,41.253837499284785,42.684945435688796,34.577347990812314,29.724213356348802,24.980925364396352,24.10348200471495,29.293066464736146,33.0850363636219,32.91874117734395,36.97775751521205,45.332219593342444,"POLYGON ((111.2 23.100002, 111.6 23.100002, 111.6 23.5, 111.2 23.5, 111.2 23.100002))"
CEG2000_f4_r0012_c0095,广东,12,95,111.8,23.300000500000003,2.8991476561286866,0.8279707335582251,1816.9726611861047,32.79908373216352,16,42.398991365599684,39.48177735409978,41.19192148100844,32.870566000059576,28.69368938388728,23.42946537893037,22.47533286216129,27.31628176265497,30.80051750684851,31.43746129008951,33.49335536120157,40.088772670461694,"POLYGON ((111.59999400000001 23.100002, 112 23.100002, 112 23.5, 111.59999400000001 23.5, 111.59999400000001 23.100002))"
CEG2000_f4_r0012_c0096,广东,12,96,112.2,23.300000500000003,2.8439378720606223,0.6812117242473014,1816.9726611861047,33.251753009336205,16,43.51342994276776,39.704107029760564,41.70442407043182,33.19074688846902,29.71809124841403,23.300881813607173,23.351531070948834,26.567617135602305,31.362643352768693,31.102816044653803,34.23588928483547,41.332982660200294,"POLYGON ((112 23.100002, 112.40000599999999 23.100002, 112.40000599999999 23.5, 112 23.5, 112 23.100002))"
CEG2000_f4_r0012_c0097,广东,12,97,112.5999985,23.300000500000003,2.757757324643548,0.5589311081404869,1816.9454070050037,35.21640119089292,16,45.89189090890571,41.09496461608288,44.096249528501055,34.792220786219865,32.17958452963334,24.337169240401916,25.688979549288096,26.9811751772742,33.27871498326587,32.99923185586221,37.10525191299926,44.164441815496566,"POLYGON ((112.4 23.100002, 112.8 23.100002, 112.8 23.5, 112.4 23.5, 112.4 23.100002))"
CEG2000_f4_r0012_c0098,广东,12,98,113.0,23.300000500000003,2.6078915836537693,0.42907041536822504,1816.8908986428667,37.344323871973145,16,47.84483353403904,41.727963058162715,46.64331436868595,36.222982827357974,35.55768317531266,26.075421414179456,27.64247287466029,28.08142025097002,36.424812832862145,35.22733299629026,39.32686679245571,47.27420384680927,"POLYGON ((112.800006 23.100002, 113.199994 23.100002, 113.199994 23.5, 112.800006 23.5, 112.800006 23.100002))"
CEG2000_f4_r0012_c0099,广东,12,99,113.4000015,23.300000500000003,2.308345942985433,0.24963313032008022,1816.9454070050037,36.0485251197151,16,46.3622807838302,41.62421696579628,44.641331444265646,35.02200130425455,33.94014159930948,25.19956152075117,27.325736372954378,27.19542557840676,35.3838093721284,33.98148273404759,36.98054076303767,44.91103739049176,"POLYGON ((113.2 23.100002, 113.6 23.100002, 113.6 23.5, 113.2 23.5, 113.2 23.100002))"
CEG2000_f4_r0012_c0100,广东,12,100,113.8,23.300000500000003,1.695036200079816,0.1848536516481832,1816.9726611861047,34.02817446499192,16,44.02984795580409,39.51453002193627,42.74640539863525,33.26725224986036,30.753165520157086,23.360398224877486,25.744714219569673,25.184335190759004,32.94182435737422,32.567059213565706,36.16878822749106,42.07907223579291,"POLYGON ((113.59999400000001 23.100002, 114 23.100002, 114 23.5, 113.59999400000001 23.5, 113.59999400000001 23.100002))"
CEG2000_f4_r0012_c0101,广东,12,101,114.2,23.300000500000003,0.9882296954526255,0.24646361992478855,1816.9726611861047,31.851335529366388,16,41.9286972178382,37.188598957920064,39.732871315169376,31.90627967142147,28.848354317179503,21.789588946639565,24.120148516689568,22.879046165220426,31.179308671287753,30.900078373950173,33.836944203531864,37.97002309982362,"POLYGON ((114 23.100002, 114.40000599999999 23.100002, 114.40000599999999 23.5, 114 23.5, 114 23.100002))"
CEG2000_f4_r0012_c0102,广东,12,102,114.5999985,23.300000500000003,0.6061537800037339,0.25797497139315845,1816.9454070050037,31.235016410214843,16,41.5567788513231,37.63394805278454,39.84147929692188,31.89479840604958,28.075317503298855,21.000380597180932,23.59533146790377,21.93974050489388,29.762694192393333,30.22361779797726,33.312433796883305,36.10716370131566,"POLYGON ((114.4 23.100002, 114.8 23.100002, 114.8 23.5, 114.4 23.5, 114.4 23.100002))"
CEG2000_f4_r0012_c0103,广东,12,103,115.0,23.300000500000003,0.4221690989059532,0.36434275925531573,1816.8908986428667,29.421795852943355,16,39.64524849620873,37.231025948714226,38.80837730217263,30.90133235347797,26.609709210544125,19.806690991804437,21.258184559612072,20.148921884279936,27.5683799113353,28.324998475453317,30.514401742691103,32.46112070673857,"POLYGON ((114.800006 23.100002, 115.199994 23.100002, 115.199994 23.5, 114.800006 23.5, 114.800006 23.100002))"
CEG2000_f4_r0012_c0104,广东,12,104,115.4000015,23.300000500000003,0.3207511487299868,0.48440193351905514,1816.9454070050037,28.4172406874114,16,38.177267914843114,36.70339824776132,37.42144813664371,30.491976704325054,25.757309907763368,18.77603057666352,20.25004371428026,19.000817545582176,26.88293665617737,27.383336343605666,29.429039264903164,31.00693922261787,"POLYGON ((115.2 23.100002, 115.6 23.100002, 115.6 23.5, 115.2 23.5, 115.2 23.100002))"
CEG2000_f4_r0012_c0105,广东,12,105,115.8,23.300000500000003,0.25772931063291926,0.5937804409082329,1816.9726611861047,29.24034800365482,16,38.385174992310276,36.718905153706295,38.28933701542724,31.29330223983492,27.111784715136004,19.502384262453955,20.87091852570112,19.308752324505814,27.799438491355236,28.41143555019073,30.09150067050132,33.31680171401328,"POLYGON ((115.59999400000001 23.100002, 116 23.100002, 116 23.5, 115.59999400000001 23.5, 115.59999400000001 23.100002))"
CEG2000_f4_r0012_c0106,广东,12,106,116.2,23.300000500000003,0.21508200668895702,0.7023984096671931,1816.9726611861047,31.56667809556315,16,40.1992033960528,38.54875268203101,40.73189650889827,34.010419779948265,29.841339303035742,20.97758751474468,23.565210492081043,21.306785880751566,29.365763368678948,30.414984123699167,32.2381918461595,37.73836997003855,"POLYGON ((116 23.100002, 116.40000599999999 23.100002, 116.40000599999999 23.5, 116 23.5, 116 23.100002))"
CEG2000_f4_r0012_c0107,广东,12,107,116.53999940000001,23.330000399999996,0.20015330317828248,0.798693180391984,1816.9454070050037,30.73428323163138,10,38.980729292446185,37.29930948473703,40.253856625357166,33.85677813548001,29.46379864615553,20.04678856018128,22.56293356800542,20.8388813587259,28.875497102470185,29.57278943882803,31.179629696073786,36.01432987349961,"POLYGON ((116.4 23.100002, 116.8 23.100002, 116.8 23.5, 116.4 23.5, 116.4 23.100002))"
CEG2000_f4_r0013_c0095,广东,13,95,111.81428614285713,23.678572000000003,2.7191943419961566,0.9138576391817997,1811.4745334602212,34.09969177604783,14,43.253512481241856,40.71080267116894,42.7212848818264,33.65979805285688,30.793670027322637,24.529898264356365,24.18931724916945,28.349570389293707,33.16945390664729,32.159868691808676,34.59312310804928,41.15554120231512,"POLYGON ((111.59999400000001 23.5, 112 23.5, 112 23.900000000000002, 111.59999400000001 23.900000000000002, 111.59999400000001 23.5))"
CEG2000_f4_r0013_c0096,广东,13,96,112.2,23.7000005,2.625317977775903,0.8195081315879887,1811.4745334602212,34.14308271221948,16,43.62713882801801,41.716565585222654,42.85068072603984,33.67203604952049,30.995569723458274,24.120428992038107,24.125740328094174,27.223842462658343,33.24944611447415,31.99057958844334,34.87529528225274,41.414566974007606,"POLYGON ((112 23.5, 112.40000599999999 23.5, 112.40000599999999 23.900000000000002, 112 23.900000000000002, 112 23.5))"
CEG2000_f4_r0013_c0097,广东,13,97,112.5999985,23.7000005,2.4998278895359682,0.6385948152346843,1811.4473617497993,33.45880018418467,16,43.31425957926621,41.246075488319796,41.58857790314955,33.73234108657356,30.748008784900065,23.768046705983803,24.27623395316224,25.948076787291388,32.74123332517657,31.599200024423347,33.63047389908349,39.09408902412296,"POLYGON ((112.4 23.5, 112.8 23.5, 112.8 23.900000000000002, 112.4 23.900000000000002, 112.4 23.5))"
CEG2000_f4_r0013_c0098,广东,13,98,113.0,23.7000005,2.3116238181390014,0.4629137602284641,1811.3930183290197,34.459263547810544,16,44.1981040780044,40.76126436394413,42.30086066855857,34.69645834309769,32.54048107665325,25.031112982984503,26.306133253452444,26.729095303670658,34.61997638654928,32.348695538974795,34.10238726050462,39.98036371778902,"POLYGON ((112.800006 23.5, 113.199994 23.5, 113.199994 23.900000000000002, 112.800006 23.900000000000002, 112.800006 23.5))"
CEG2000_f4_r0013_c0099,广东,13,99,113.4000015,23.7000005,2.0272570835413553,0.3890558041312702,1811.4473617497993,33.36234685463082,16,43.1066501804045,39.74316719458051,40.79046547163775,32.886740062714054,31.818112128762642,24.012278600291143,25.750295636022063,25.787121212017453,33.757102208148524,31.16353571851456,33.16952121680667,38.46439505629375,"POLYGON ((113.2 23.5, 113.6 23.5, 113.6 23.900000000000002, 113.2 23.900000000000002, 113.2 23.5))"
CEG2000_f4_r0013_c0100,广东,13,100,113.8,23.7000005,1.6381861193640173,0.34790161133409647,1811.4745334602212,30.86415788389435,16,41.03385656247113,38.45745787671239,37.72554072361939,30.501926106312638,29.025530223024184,21.638138930209426,23.593304736384262,23.636937609921333,30.425805857503246,29.398692427713804,31.10014623872537,34.00662136519341,"POLYGON ((113.59999400000001 23.5, 114 23.5, 114 23.900000000000002, 113.59999400000001 23.900000000000002, 113.59999400000001 23.5))"
CEG2000_f4_r0013_c0101,广东,13,101,114.2,23.7000005,1.2287277077844978,0.5068011259241278,1811.4745334602212,30.524031391481685,16,40.673436146019355,36.946875153524566,36.88384496191409,30.435916508866118,28.617660296647873,21.571443299891673,23.611693402714554,22.941591410950068,30.708815286952774,29.802871822118174,30.872325876429958,33.36184004563164,"POLYGON ((114 23.5, 114.40000599999999 23.5, 114.40000599999999 23.900000000000002, 114 23.900000000000002, 114 23.5))"
CEG2000_f4_r0013_c0102,广东,13,102,114.5999985,23.7000005,0.908604777905232,0.4546881923911666,1811.4473617497993,30.568501401656228,16,39.93482264938161,36.35942858010314,38.010159973909715,30.978885294495512,28.932581592289694,21.42737241498473,24.39506797322827,22.659233158374168,30.30007844601986,30.52242779793596,30.886310169981172,32.509213126453155,"POLYGON ((114.4 23.5, 114.8 23.5, 114.8 23.900000000000002, 114.4 23.900000000000002, 114.4 23.5))"
CEG2000_f4_r0013_c0103,广东,13,103,115.0,23.7000005,0.6934361602994817,0.444035195904258,1811.3930183290197,29.536992154451134,16,39.45071805139011,35.83975619451358,37.661743268400514,30.209355680119145,27.99232426346916,20.73282706360158,23.358465170901816,21.275877721811575,28.973497236606182,28.833289701365157,29.3337354428755,30.90189589337617,"POLYGON ((114.800006 23.5, 115.199994 23.5, 115.199994 23.900000000000002, 114.800006 23.900000000000002, 114.800006 23.5))"
CEG2000_f4_r0013_c0104,广东,13,104,115.4000015,23.7000005,0.5511769286086562,0.5223741047736945,1811.4473617497993,28.739649152877796,16,38.29640005893026,35.81450649029472,37.087650305257405,29.600335719122405,27.302943922980145,19.95376843090779,22.422383497822192,19.94184321644158,28.149131063114012,27.847309466668342,28.634834401515132,30.003044154317653,"POLYGON ((115.2 23.5, 115.6 23.5, 115.6 23.900000000000002, 115.2 23.900000000000002, 115.2 23.5))"
CEG2000_f4_r0013_c0105,广东,13,105,115.8,23.7000005,0.45378668523421706,0.6262824243188826,1811.4745334602212,29.754485593275653,16,38.6815881078111,36.525435413095344,38.69262188682631,30.864126633656902,27.817423152079822,20.402022834225715,23.39159784142544,20.138211727596165,28.5700404074768,29.329713241506596,30.384476969469933,32.40962129482696,"POLYGON ((115.59999400000001 23.5, 116 23.5, 116 23.900000000000002, 115.59999400000001 23.900000000000002, 115.59999400000001 23.5))"
CEG2000_f4_r0013_c0106,广东,13,106,116.2,23.7000005,0.38414519771448247,0.7491231713283704,1811.4745334602212,31.655340284828778,16,40.11102197498453,39.61882132429062,41.471776275813184,33.348770279755705,29.905921513780985,21.820848843497018,24.710323374810496,21.52969135491375,29.10885152217387,30.9073521028915,31.95742617679341,35.552036666557335,"POLYGON ((116 23.5, 116.40000599999999 23.5, 116.40000599999999 23.900000000000002, 116 23.900000000000002, 116 23.5))"
CEG2000_f4_r0013_c0107,广东,13,107,116.5999985,23.7000005,0.3323346369002196,0.8672273246375917,1811.4473617497993,31.7481504951182,16,39.86940580651702,38.161521114277264,41.65206839717118,34.424272912330856,30.70734976511947,21.498066440087015,24.737711164123354,21.537353508634396,29.504895877710624,30.661538231624895,32.32952791810691,36.009930367201896,"POLYGON ((116.4 23.5, 116.8 23.5, 116.8 23.900000000000002, 116.4 23.900000000000002, 116.4 23.5))"
CEG2000_f4_r0013_c0108,广东,13,108,116.92778044444445,23.716667333333334,0.3043562176162919,0.9591371605717497,1811.3930183290197,30.38071791855791,9,38.28121750802572,35.320308287957566,40.468008455762536,33.529541715370996,30.346056801747586,20.41906649178515,23.840239693429975,20.234678152482857,28.50232639791251,29.433601370736874,30.151541478483818,34.07295722216449,"POLYGON ((116.800006 23.5, 117.199994 23.5, 117.199994 23.900000000000002, 116.800006 23.900000000000002, 116.800006 23.5))"
CEG2000_f4_r0014_c0095,广东,14,95,111.95,24.1000005,2.5174019093601103,0.9670530376577973,1805.8790184918946,33.9591806955439,4,41.35639542748073,41.21810225754841,42.4248715963388,34.495807007743664,31.359716479720944,24.4961006987872,24.85109346533496,27.874723239617143,34.78030372779075,32.83984816840456,33.07885333518365,38.91281052681267,"POLYGON ((111.59999400000001 23.9, 112 23.9, 112 24.3, 111.59999400000001 24.3, 111.59999400000001 23.9))"
CEG2000_f4_r0014_c0096,广东,14,96,112.2,24.1000005,2.4497236930219386,0.8778771055572968,1805.8790184918946,33.31611339620222,16,41.44631859299273,40.59625432985033,41.55859130493886,32.993042775437985,30.694362204733963,23.7545752474769,24.67199762392314,26.996548747807914,34.521425603492986,31.692205115405343,32.77434252252353,38.26592940943709,"POLYGON ((112 23.9, 112.40000599999999 23.9, 112.40000599999999 24.3, 112 24.3, 112 23.9))"
CEG2000_f4_r0014_c0097,广东,14,97,112.5999985,24.1000005,2.3128325790710944,0.6761943901368488,1805.8519307129382,31.97894279251833,16,41.710389162501635,40.27643209876525,39.549540454320095,31.87033456314079,29.58852067582331,22.455512830226166,23.530177206868434,25.259732740831147,32.660294621360705,30.2913134444405,31.189864602183604,35.586337047156064,"POLYGON ((112.4 23.9, 112.8 23.9, 112.8 24.3, 112.4 24.3, 112.4 23.9))"
CEG2000_f4_r0014_c0098,广东,14,98,113.0,24.1000005,2.130569328297486,0.5412542624585975,1805.7977551550894,33.7621165606695,16,43.08816575013422,41.760307079280544,42.20434246774053,33.45710059724718,31.32511607039528,23.742851867140345,25.684012545332592,25.539929616201288,34.22399900063496,32.43780660352784,33.07434294989246,38.78310834855379,"POLYGON ((112.800006 23.9, 113.199994 23.9, 113.199994 24.3, 112.800006 24.3, 112.800006 23.9))"
CEG2000_f4_r0014_c0099,广东,14,99,113.4000015,24.1000005,1.895336925714919,0.49532750457775876,1805.8519307129382,33.017525904925385,16,42.16712387154228,41.40072580657278,40.4463582726729,32.95072533186646,31.306601131076874,23.1356522027864,25.23489425801063,25.67815011291496,33.828488527355915,31.324589389632017,32.37737972719849,36.58505906530716,"POLYGON ((113.2 23.9, 113.6 23.9, 113.6 24.3, 113.2 24.3, 113.2 23.9))"
CEG2000_f4_r0014_c0100,广东,14,100,113.8,24.1000005,1.6170047837781325,0.5021376778465199,1805.8790184918946,31.191040174089633,16,40.80911302480106,39.37686200556199,37.06671951575345,31.169766141356092,29.665865766239065,22.104344972694193,24.242571566689747,24.742072319941116,32.147443200218596,29.362712763616948,30.85641726234154,33.00296305125525,"POLYGON ((113.59999400000001 23.9, 114 23.9, 114 24.3, 113.59999400000001 24.3, 113.59999400000001 23.9))"
CEG2000_f4_r0014_c0101,广东,14,101,114.2,24.1000005,1.331515478375517,0.49702778184510193,1805.8790184918946,29.298370050693272,16,39.639280423948364,37.587528615328395,35.49322650151741,29.663916095399887,27.732564266903076,20.465056628757495,22.70502132401706,22.446652804166927,29.61492537759164,28.256101953743006,28.115115536112068,30.094723679684208,"POLYGON ((114 23.9, 114.40000599999999 23.9, 114.40000599999999 24.3, 114 24.3, 114 23.9))"
CEG2000_f4_r0014_c0102,广东,14,102,114.5999985,24.1000005,1.0802037757348995,0.6961304162731023,1805.8519307129382,29.212871750890418,16,38.49688927318106,35.701049113923794,36.15465947699422,30.18216167206554,28.129608163652097,20.48542080201376,22.88429304070234,21.86997085432244,29.619186561102218,29.080130449408585,28.150368051803458,29.947884996982896,"POLYGON ((114.4 23.9, 114.8 23.9, 114.8 24.3, 114.4 24.3, 114.4 23.9))"
CEG2000_f4_r0014_c0103,广东,14,103,115.0,24.1000005,0.8813851904131824,0.6749635089972628,1805.7977551550894,30.116810443472,16,38.782927086868575,36.280541928214774,37.306555765868296,30.560991515061197,29.361212863152932,21.55411497574891,24.257344264192763,22.263649853499953,30.939438652548592,29.93376081697088,29.495783273508632,30.80768011997904,"POLYGON ((114.800006 23.9, 115.199994 23.9, 115.199994 24.3, 114.800006 24.3, 114.800006 23.9))"
CEG2000_f4_r0014_c0104,广东,14,104,115.4000015,24.1000005,0.7312815983476104,0.6453062931897885,1805.8519307129382,30.597988123243518,16,39.08346917867581,36.834727879035306,38.757079217972475,30.92476957819216,29.63324078377244,21.474586757293466,25.16442613031962,22.40377485070094,30.582242877155174,30.600593125513633,29.784789568128158,32.024025783755924,"POLYGON ((115.2 23.9, 115.6 23.9, 115.6 24.3, 115.2 24.3, 115.2 23.9))"
CEG2000_f4_r0014_c0105,广东,14,105,115.8,24.1000005,0.6186521945248965,0.7084295971093046,1805.8790184918946,31.919017167347565,16,39.46233106068705,37.14130390914642,40.967153738984685,32.49873224920519,30.479673404094502,22.330249155511645,26.002535975570176,22.31132413637953,31.67942882911052,32.12958383207497,32.79564479707036,35.29710168953269,"POLYGON ((115.59999400000001 23.9, 116 23.9, 116 24.3, 115.59999400000001 24.3, 115.59999400000001 23.9))"
CEG2000_f4_r0014_c0106,广东,14,106,116.2,24.1000005,0.5330291214201528,0.7868529782587428,1805.8790184918946,30.058703117502926,16,38.38032652300814,37.17139800473837,38.953176728991814,31.074524199312975,28.498540618663586,20.841741342801843,24.03706888463225,20.79076233530418,28.310148485475572,29.91033672449552,30.183302753038106,32.69505578005947,"POLYGON ((116 23.9, 116.40000599999999 23.9, 116.40000599999999 24.3, 116 24.3, 116 23.9))"
CEG2000_f4_r0014_c0107,广东,14,107,116.5999985,24.1000005,0.4666395009932312,0.8907612978039318,1805.8519307129382,29.59097767907803,16,37.78487336212216,36.8922252605057,38.359105966560286,31.258656416256056,28.571448612749677,20.345431252414325,22.95214784996858,20.112705804051476,27.799987146519904,29.61870802306934,29.80903683171408,31.763266787309504,"POLYGON ((116.4 23.9, 116.8 23.9, 116.8 24.3, 116.4 24.3, 116.4 23.9))"
CEG2000_f4_r0014_c0108,广东,14,108,116.89286057142859,24.078572,0.42066204034630095,0.9712891514812549,1805.7977551550894,29.217896080187494,7,37.52553703141749,35.320059103033245,37.720036661401764,31.38281917420953,28.730421625604055,20.204437882558274,23.15132649069597,19.634880459176397,27.15884451225999,28.96699937648076,29.44882927719211,31.484357257612654,"POLYGON ((116.800006 23.9, 117.199994 23.9, 117.199994 24.3, 116.800006 24.3, 116.800006 23.9))"
CEG2000_f4_r0015_c0096,广东,15,96,112.20999999999998,24.51000053333333,2.3074868431887197,0.8912504863386314,1800.204474150057,32.13529953689829,15,40.716686509218604,40.159429610407265,39.34032676187105,32.20385489082542,29.766210629740602,22.256848369020496,24.133176195486854,26.89320591459457,35.32636597606919,29.583034327473488,30.023348708523933,35.45715428967257,"POLYGON ((112 24.3, 112.40000599999999 24.3, 112.40000599999999 24.700002, 112 24.700002, 112 24.3))"
CEG2000_f4_r0015_c0097,广东,15,97,112.5999985,24.500000500000002,2.1796964615322754,0.7572270422474391,1800.177471487989,32.73921465846778,16,42.14449048811048,40.54152693210864,40.265591372544264,33.348340556066674,30.506741505294958,22.8446589752013,24.164766747502775,25.698406456314878,35.13230353294236,30.296641742200922,30.816247233142754,37.32987056053055,"POLYGON ((112.4 24.3, 112.8 24.3, 112.8 24.700002, 112.4 24.700002, 112.4 24.3))"
CEG2000_f4_r0015_c0098,广东,15,98,113.0,24.500000500000002,2.015530991471931,0.7642064775137012,1800.1234661639166,31.481498365493383,16,40.66478146497212,40.95915942955594,38.80106953427109,32.12411750159608,29.84381918754557,21.602795095497566,23.984585000487048,23.436110093608825,33.1582902424345,30.03335174126965,29.46873561006469,34.003851520609274,"POLYGON ((112.800006 24.3, 113.199994 24.3, 113.199994 24.700002, 112.800006 24.700002, 112.800006 24.3))"
CEG2000_f4_r0015_c0099,广东,15,99,113.4000015,24.500000500000002,1.8212939515487336,0.6272095621004055,1800.177471487989,32.68635816798276,16,42.139741713965456,41.61019215057857,40.16699324487727,33.11335566527152,31.276098617928838,22.636217203208126,25.572165351567072,24.92635489434814,34.22962251718117,31.164161561269363,30.999229198976973,34.66283234429479,"POLYGON ((113.2 24.3, 113.6 24.3, 113.6 24.700002, 113.2 24.700002, 113.2 24.3))"
CEG2000_f4_r0015_c0100,广东,15,100,113.8,24.500000500000002,1.6059500897754007,0.6563737443589448,1800.204474150057,30.988297432428276,16,40.53425549316019,39.054941082015354,37.53507362432958,31.607571836046663,30.116052657006453,21.895887371857714,24.53808716966505,24.435352729424807,32.98428225957314,29.280549752510087,29.054642570299528,31.0719849531616,"POLYGON ((113.59999400000001 24.3, 114 24.3, 114 24.700002, 113.59999400000001 24.700002, 113.59999400000001 24.3))"
CEG2000_f4_r0015_c0101,广东,15,101,114.18571385714287,24.478571714285717,1.3927397181297867,0.6553103845017145,1800.204474150057,29.025017929742553,14,39.164048879870094,37.53895739946966,34.595417968690256,29.93142394504603,28.493431378255,20.161717829873968,23.30839552740903,22.361759927548736,29.984759625595622,27.12355032431096,27.010341568897914,28.884993046133644,"POLYGON ((114 24.3, 114.40000599999999 24.3, 114.40000599999999 24.700002, 114 24.700002, 114 24.3))"
CEG2000_f4_r0015_c0102,广东,15,102,114.61363472727272,24.44090909090909,1.165594827246191,0.9155879276058616,1800.177471487989,27.722773721535976,11,37.57893495686923,35.12788346854667,33.49374616626322,29.241339646834053,27.404943263063654,19.500979806930488,22.3459661813677,21.11834707994267,28.276173009455377,26.777133013326257,25.13885811698049,26.864995277499595,"POLYGON ((114.4 24.3, 114.8 24.3, 114.8 24.700002, 114.4 24.700002, 114.4 24.3))"
CEG2000_f4_r0015_c0103,广东,15,103,115.0099996,24.4900004,1.0041322026943587,0.8771755302842753,1800.1234661639166,29.442574215372687,15,38.593780293802894,35.190489440656144,36.14559012069576,30.823317468586534,29.620443079565348,21.098776719765063,23.728981590609145,21.67810619189836,30.917786571278352,29.34444644878674,27.24660285177227,29.045538103845242,"POLYGON ((114.800006 24.3, 115.199994 24.3, 115.199994 24.700002, 114.800006 24.700002, 114.800006 24.3))"
CEG2000_f4_r0015_c0104,广东,15,104,115.4000015,24.500000500000002,0.867667492167055,0.8952388256033594,1800.177471487989,29.960021344917863,16,38.103742453370586,35.838867096871354,37.43999853470984,31.194994525138295,30.343939232137085,21.673078751809307,24.8038486216622,21.922219526802056,30.70223620057653,30.285989299077183,28.046967891034008,29.2784025055934,"POLYGON ((115.2 24.3, 115.6 24.3, 115.6 24.700002, 115.2 24.700002, 115.2 24.3))"
CEG2000_f4_r0015_c0105,广东,15,105,115.80333333333333,24.4900004,0.7485093238457529,0.8344620227433497,1800.204474150057,30.010055339679862,15,37.9074341334861,36.277941049837246,38.0267657031138,30.583269700300228,30.019675893950673,21.322717657437007,24.871333374585102,20.967719206709756,30.405773412384892,30.310779470245876,29.04989897839291,30.501781618621553,"POLYGON ((115.59999400000001 24.3, 116 24.3, 116 24.700002, 115.59999400000001 24.700002, 115.59999400000001 24.3))"
CEG2000_f4_r0015_c0106,广东,15,106,116.2,24.500000500000002,0.6597842998632214,0.892412241742516,1800.204474150057,30.77582573266885,16,39.14818697538479,38.20258450868407,39.17339999674748,31.10922455274183,30.364760503259546,21.692840396435948,25.030814131544542,20.696595719710288,30.767757378514627,30.641182084062407,30.244593557969285,32.417473196875164,"POLYGON ((116 24.3, 116.40000599999999 24.3, 116.40000599999999 24.700002, 116 24.700002, 116 24.3))"
CEG2000_f4_r0015_c0107,广东,15,107,116.58846015384617,24.465384769230774,0.577342061735907,0.9395223279972308,1800.177471487989,30.356663270723697,13,38.32640579948306,38.31215220260975,38.70393590274487,30.840398030691265,29.725994299484658,20.877859847996945,24.191342896172014,20.47603217700885,29.880877620865547,30.28790415986032,30.50918980124476,32.36053264218932,"POLYGON ((116.4 24.3, 116.8 24.3, 116.8 24.700002, 116.4 24.700002, 116.4 24.3))"
CEG2000_f4_r0016_c0096,广东,16,96,112.2700012,24.880000000000003,2.1924384603687703,0.9479783435129472,1794.4242175755228,32.63218529556877,10,40.771994361963515,38.46305541167473,39.25115070983129,33.66989823060918,31.069390895727665,22.798292518310898,24.83623870142822,26.896244455996467,37.49803589287207,29.351449112698365,29.948638541781705,37.194669044044375,"POLYGON ((112 24.7, 112.40000599999999 24.7, 112.40000599999999 25.1, 112 25.1, 112 24.7))"
CEG2000_f4_r0016_c0097,广东,16,97,112.58999840000001,24.89,2.088692872923956,0.8852412457541968,1794.3973016160028,31.694430683924015,15,40.12263346604688,38.33844309091602,38.169115055392076,32.10322642886027,30.474147055582293,22.17640115703322,24.369076832794708,25.99516928953971,36.03218800554681,28.6659356873564,28.7493236612438,35.31723239067838,"POLYGON ((112.4 24.7, 112.8 24.7, 112.8 25.1, 112.4 25.1, 112.4 24.7))"
CEG2000_f4_r0016_c0098,广东,16,98,113.03333233333335,24.866666666666664,1.9301926896460135,0.9590903105230861,1794.3434696970264,28.86220909374458,12,38.64916878684454,36.99175867053253,33.86093084800651,29.955772211893223,28.123777809135145,20.73524488697368,22.917307853028138,22.14178924990111,30.957377828772067,25.678933993003174,26.351108256133557,30.26752472949739,"POLYGON ((112.800006 24.7, 113.199994 24.7, 113.199994 25.1, 112.800006 25.1, 112.800006 24.7))"
CEG2000_f4_r0016_c0099,广东,16,99,113.4000015,24.900000000000002,1.774374342690311,0.7750035704761701,1794.3973016160028,33.27237096075112,16,42.86371906671499,43.46945914186179,40.28704403573829,34.17175698709277,32.694713779910174,22.993165388211466,26.106869681444014,24.320059554142407,34.52618837976386,30.436708757504327,31.48967417238237,36.24733379220391,"POLYGON ((113.2 24.7, 113.6 24.7, 113.6 25.1, 113.2 25.1, 113.2 24.7))"
CEG2000_f4_r0016_c0100,广东,16,100,113.8,24.900000000000002,1.599162491308562,0.8106096180762856,1794.4242175755228,32.41686818558932,16,41.49919208530974,41.036820851590896,39.278085754756745,33.298951496216475,32.14542074275907,22.991972210570932,25.538489906250145,24.821435735489906,34.44482061899942,30.24317403659898,30.244353118547295,33.735589735594566,"POLYGON ((113.59999400000001 24.7, 114 24.7, 114 25.1, 113.59999400000001 25.1, 113.59999400000001 24.7))"
CEG2000_f4_r0016_c0101,广东,16,101,114.17307599999998,24.926923076923078,1.435686823893252,0.8423880483261807,1794.4242175755228,30.080463539681094,13,41.148962429662966,37.324679371887456,35.701840425621924,31.06709668102194,30.272224838761705,21.27347366752225,24.302221809646504,22.657109284817732,31.427453551569226,27.269324241764412,27.463412999949455,31.231892670907232,"POLYGON ((114 24.7, 114.40000599999999 24.7, 114.40000599999999 25.1, 114 25.1, 114 24.7))"
CEG2000_f4_r0016_c0105,广东,16,105,115.900003,24.799999999999997,0.8097361461682917,0.955477689025774,1794.4242175755228,28.06422168876616,4,37.274788487649545,35.356492385276574,34.01669187694901,28.90521652916093,28.681126507787983,20.218813792822864,23.12237899473004,19.173180695043122,28.710303790262763,27.86545522660286,25.990255469972013,27.65441599990963,"POLYGON ((115.59999400000001 24.7, 116 24.7, 116 25.1, 115.59999400000001 25.1, 115.59999400000001 24.7))"
CEG2000_f4_r0016_c0106,广东,16,106,116.200001,24.78333333333333,0.7368572413087463,0.9889578829792386,1794.4242175755228,28.82784855021709,6,37.73881957037228,37.056342742815986,35.54495649537034,29.277306864298488,29.334758216102337,20.25241021348214,23.530196976106136,19.455672806351505,29.76991236178897,28.413629596253767,27.136841894759797,28.667917623569778,"POLYGON ((116 24.7, 116.40000599999999 24.7, 116.40000599999999 25.1, 116 25.1, 116 24.7))"
CEG2000_f4_r0017_c0098,广东,17,98,113.08333066666665,25.305556,1.8535176302831424,0.9450242071723506,1788.476048534769,31.429541009429432,9,41.75691102986422,34.59463608944891,36.74027054992428,32.915667708385286,30.69576152637214,22.93216143781568,25.729060111721832,24.396873108050873,34.46878598056644,26.586850785950396,29.140808827805117,37.198945282309126,"POLYGON ((112.800006 25.100002, 113.199994 25.100002, 113.199994 25.5, 112.800006 25.5, 112.800006 25.100002))"
CEG2000_f4_r0017_c0099,广东,17,99,113.38571599999999,25.278572,1.748794444837531,0.931569811183671,1788.5297044258298,30.02599414195683,14,39.507446503962434,39.70683303136046,35.81907214370262,31.0303059078116,29.770631682635646,21.563843199702635,24.16812785676394,21.475673430546735,31.48270103942881,26.704307348803688,27.076214994625797,32.342603736800484,"POLYGON ((113.2 25.100002, 113.6 25.100002, 113.6 25.5, 113.2 25.5, 113.2 25.100002))"
CEG2000_f4_r0017_c0100,广东,17,100,113.81363690909092,25.24090981818182,1.5899439237119364,0.9394329595490718,1788.556532371392,29.945301085580844,11,39.12003387730742,39.30544469257084,36.34995140135196,30.25040498707357,30.175112329738898,21.016331389831457,23.895583445456595,21.70779987329703,31.684613096359836,27.367056398331783,27.09001498947155,31.670958395675722,"POLYGON ((113.59999400000001 25.100002, 114 25.100002, 114 25.5, 113.59999400000001 25.5, 113.59999400000001 25.100002))"
CEG2000_f4_r0017_c0101,广东,17,101,114.2,25.200001,1.440787948612906,0.9532558487328967,1788.556532371392,29.989942183953325,8,40.010957525248884,37.2005910120156,35.69583095651096,31.09746395149371,30.983230480683545,21.159250099950917,24.88670585732917,22.34352495666095,31.088954100747777,27.16239589409914,27.002937479873324,31.402629523547766,"POLYGON ((114 25.100002, 114.40000599999999 25.100002, 114.40000599999999 25.5, 114 25.5, 114 25.100002))"
CEG2000_f4_r0017_c0102,广东,17,102,114.56999820000001,25.2500006,1.3080761536247922,0.9425082848535922,1788.5297044258298,31.419623873217027,10,41.00627942875425,37.623075730195474,37.72935701225591,32.487444442360115,32.42102366444053,22.7524091029882,26.75481737471875,23.214451954953184,33.07372674043828,28.457846725457205,28.066193928686598,33.5491243228901,"POLYGON ((114.4 25.100002, 114.8 25.100002, 114.8 25.5, 114.4 25.5, 114.4 25.100002))"
